,name,currency_code,local_price,dollar_ex,date
0,Argentina,ARS,2.5,1.0,2000-04-01
1,Australia,AUD,2.59,1.68,2000-04-01
2,Brazil,BRL,2.95,1.79,2000-04-01
3,Canada,CAD,2.85,1.47,2000-04-01
4,Switzerland,CHF,5.9,1.7,2000-04-01
5,Chile,CLP,1260.0,514.0,2000-04-01
6,China,CNY,9.9,8.28,2000-04-01
7,Czech Republic,CZK,54.37,39.1,2000-04-01
8,Denmark,DKK,24.75,8.04,2000-04-01
9,Euro area,EUR,2.56,1.075268817,2000-04-01
10,Britain,GBP,1.9,0.632911392,2000-04-01
11,Hong Kong,HKD,10.2,7.79,2000-04-01
12,Hungary,HUF,339.0,279.0,2000-04-01
13,Indonesia,IDR,14500.0,7945.0,2000-04-01
14,Israel,ILS,14.5,4.05,2000-04-01
15,Japan,JPY,294.0,106.0,2000-04-01
16,South Korea,KRW,3000.0,1108.0,2000-04-01
17,Mexico,MXN,20.9,9.41,2000-04-01
18,Malaysia,MYR,4.52,3.8,2000-04-01
19,New Zealand,NZD,3.4,2.01,2000-04-01
20,Poland,PLN,5.5,4.3,2000-04-01
21,Russia,RUB,39.5,28.5,2000-04-01
22,Singapore,SGD,3.2,1.7,2000-04-01
23,Sweden,SEK,24.0,8.84,2000-04-01
24,Thailand,THB,55.0,38.0,2000-04-01
25,Taiwan,TWD,70.0,30.6,2000-04-01
26,United States,USD,2.24,1.0,2000-04-01
27,South Africa,ZAR,9.0,6.72,2000-04-01
28,Argentina,ARS,2.5,1.0,2001-04-01
29,Australia,AUD,3.0,1.98,2001-04-01
30,Brazil,BRL,3.6,2.19,2001-04-01
31,Canada,CAD,3.33,1.56,2001-04-01
32,Switzerland,CHF,6.3,1.73,2001-04-01
33,Chile,CLP,1260.0,601.0,2001-04-01
34,China,CNY,9.9,8.28,2001-04-01
35,Czech Republic,CZK,56.0,39.0,2001-04-01
36,Denmark,DKK,24.75,8.46,2001-04-01
37,Euro area,EUR,2.57,1.136363636,2001-04-01
38,Britain,GBP,1.99,0.699300699,2001-04-01
39,Hong Kong,HKD,10.7,7.8,2001-04-01
40,Hungary,HUF,399.0,303.0,2001-04-01
41,Indonesia,IDR,14700.0,10855.0,2001-04-01
42,Japan,JPY,294.0,124.0,2001-04-01
43,South Korea,KRW,3000.0,1325.0,2001-04-01
44,Mexico,MXN,21.9,9.29,2001-04-01
45,Malaysia,MYR,4.52,3.8,2001-04-01
46,New Zealand,NZD,3.6,2.47,2001-04-01
47,Philippines,PHP,59.0,50.3,2001-04-01
48,Poland,PLN,5.9,4.03,2001-04-01
49,Russia,RUB,35.0,28.9,2001-04-01
50,Singapore,SGD,3.3,1.81,2001-04-01
51,Sweden,SEK,24.0,10.28,2001-04-01
52,Thailand,THB,55.0,45.5,2001-04-01
53,Taiwan,TWD,70.0,32.9,2001-04-01
54,United States,USD,2.24,1.0,2001-04-01
55,South Africa,ZAR,9.7,8.13,2001-04-01
56,Argentina,ARS,2.5,3.13,2002-04-01
57,Australia,AUD,3.0,1.86,2002-04-01
58,Brazil,BRL,3.6,2.34,2002-04-01
59,Canada,CAD,3.33,1.57,2002-04-01
60,Switzerland,CHF,6.3,1.66,2002-04-01
61,Chile,CLP,1400.0,655.0,2002-04-01
62,China,CNY,10.5,8.28,2002-04-01
63,Czech Republic,CZK,56.28,34.0,2002-04-01
64,Denmark,DKK,24.75,8.38,2002-04-01
65,Euro area,EUR,2.67,1.123595506,2002-04-01
66,Britain,GBP,1.99,0.689655172,2002-04-01
67,Hong Kong,HKD,11.2,8.0,2002-04-01
68,Hungary,HUF,459.0,272.0,2002-04-01
69,Indonesia,IDR,16000.0,9430.0,2002-04-01
70,Israel,ILS,12.0,4.79,2002-04-01
71,Japan,JPY,262.0,130.0,2002-04-01
72,South Korea,KRW,3100.0,1304.0,2002-04-01
73,Mexico,MXN,21.9,9.28,2002-04-01
74,Malaysia,MYR,5.04,3.8,2002-04-01
75,Norway,NOK,35.0,8.56,2002-04-01
76,New Zealand,NZD,3.6,2.24,2002-04-01
77,Peru,PEN,8.5,3.43,2002-04-01
78,Philippines,PHP,65.0,51.0,2002-04-01
79,Poland,PLN,5.9,4.04,2002-04-01
80,Russia,RUB,39.0,31.2,2002-04-01
81,Singapore,SGD,3.3,1.82,2002-04-01
82,Sweden,SEK,26.0,10.4,2002-04-01
83,Thailand,THB,55.0,43.3,2002-04-01
84,Turkey,TRY,4000000.0,1324500.0,2002-04-01
85,Taiwan,TWD,70.0,34.8,2002-04-01
86,United States,USD,2.35,1.0,2002-04-01
87,Venezuela,VEF,2500.0,857.0,2002-04-01
88,South Africa,ZAR,9.7,10.9,2002-04-01
89,Argentina,ARS,4.1,2.88,2003-04-01
90,Australia,AUD,3.0,1.61,2003-04-01
91,Brazil,BRL,4.55,3.07,2003-04-01
92,Canada,CAD,3.2,1.45,2003-04-01
93,Switzerland,CHF,6.3,1.37,2003-04-01
94,Chile,CLP,1400.0,716.0,2003-04-01
95,China,CNY,9.9,8.28,2003-04-01
96,Czech Republic,CZK,56.57,28.9,2003-04-01
97,Denmark,DKK,27.75,6.78,2003-04-01
98,Egypt,EGP,8.0,5.92,2003-04-01
99,Euro area,EUR,2.71,0.909090909,2003-04-01
100,Britain,GBP,1.99,0.632911392,2003-04-01
101,Hong Kong,HKD,11.5,7.8,2003-04-01
102,Hungary,HUF,490.0,224.0,2003-04-01
103,Indonesia,IDR,16100.0,8740.0,2003-04-01
104,Japan,JPY,262.0,120.0,2003-04-01
105,South Korea,KRW,3300.0,1220.0,2003-04-01
106,Mexico,MXN,23.0,10.53,2003-04-01
107,Malaysia,MYR,5.04,3.8,2003-04-01
108,New Zealand,NZD,3.95,1.78,2003-04-01
109,Peru,PEN,7.9,3.46,2003-04-01
110,Philippines,PHP,65.0,52.5,2003-04-01
111,Poland,PLN,6.3,3.89,2003-04-01
112,Russia,RUB,41.0,31.1,2003-04-01
113,Singapore,SGD,3.3,1.78,2003-04-01
114,Sweden,SEK,30.0,8.34,2003-04-01
115,Thailand,THB,59.0,42.7,2003-04-01
116,Turkey,TRY,3750000.0,1600500.0,2003-04-01
117,Taiwan,TWD,70.0,34.8,2003-04-01
118,United States,USD,2.46,1.0,2003-04-01
119,Venezuela,VEF,3700.0,1598.0,2003-04-01
120,South Africa,ZAR,13.95,7.56,2003-04-01
121,Argentina,ARS,4.36,2.95,2004-05-01
122,Australia,AUD,3.25,1.43,2004-05-01
123,Brazil,BRL,5.4,3.18,2004-05-01
124,Canada,CAD,3.19,1.37,2004-05-01
125,Switzerland,CHF,6.3,1.29,2004-05-01
126,Chile,CLP,1400.0,641.0,2004-05-01
127,China,CNY,10.4,8.28,2004-05-01
128,Colombia,COP,6500.0,2769.83,2004-05-01
129,Costa Rica,CRC,1130.0,433.55,2004-05-01
130,Czech Republic,CZK,56.42,26.5,2004-05-01
131,Denmark,DKK,27.75,6.22,2004-05-01
132,Egypt,EGP,10.0,6.19,2004-05-01
133,Euro area,EUR,2.74,0.833333333,2004-05-01
134,Britain,GBP,1.88,0.558659218,2004-05-01
135,Hong Kong,HKD,12.0,7.79,2004-05-01
136,Hungary,HUF,530.0,211.0,2004-05-01
137,Indonesia,IDR,16100.0,9120.0,2004-05-01
138,Japan,JPY,262.0,113.0,2004-05-01
139,South Korea,KRW,3200.0,1177.0,2004-05-01
140,Sri Lanka,LKR,140.0,99.0,2004-05-01
141,Mexico,MXN,24.0,11.6,2004-05-01
142,Malaysia,MYR,5.04,3.8,2004-05-01
143,Norway,NOK,35.5,6.8491,2004-05-01
144,New Zealand,NZD,4.35,1.64,2004-05-01
145,Pakistan,PKR,110.0,57.76,2004-05-01
146,Peru,PEN,8.99,3.49,2004-05-01
147,Philippines,PHP,69.0,55.9,2004-05-01
148,Poland,PLN,6.3,3.87,2004-05-01
149,Russia,RUB,42.0,29.0,2004-05-01
150,Saudi Arabia,SAR,2.4,3.7502,2004-05-01
151,Singapore,SGD,3.3,1.71,2004-05-01
152,Sweden,SEK,30.0,7.61,2004-05-01
153,Thailand,THB,59.0,40.8,2004-05-01
154,Turkey,TRY,3950000.0,1531000.0,2004-05-01
155,Taiwan,TWD,75.0,33.4,2004-05-01
156,Ukraine,UAH,7.25,5.3315,2004-05-01
157,Uruguay,UYU,29.8,29.735,2004-05-01
158,United States,USD,2.47,1.0,2004-05-01
159,Venezuela,VEF,4400.0,2977.0,2004-05-01
160,South Africa,ZAR,12.4,6.66,2004-05-01
161,UAE,AED,9.0,3.6725,2005-06-01
162,Argentina,ARS,4.75,2.897,2005-06-01
163,Australia,AUD,3.25,1.3015,2005-06-01
164,Brazil,BRL,5.9,2.4648,2005-06-01
165,Canada,CAD,3.28,1.2494,2005-06-01
166,Switzerland,CHF,6.3,1.2475,2005-06-01
167,Chile,CLP,1500.0,592.45,2005-06-01
168,China,CNY,10.5,8.2764,2005-06-01
169,Colombia,COP,6500.0,2327.7,2005-06-01
170,Costa Rica,CRC,1130.0,475.3,2005-06-01
171,Czech Republic,CZK,56.42,24.5409,2005-06-01
172,Denmark,DKK,27.75,6.0647,2005-06-01
173,Egypt,EGP,9.0,5.8,2005-06-01
174,Euro area,EUR,2.92,0.814929509,2005-06-01
175,Britain,GBP,1.88,0.546448087,2005-06-01
176,Hong Kong,HKD,12.0,7.7807,2005-06-01
177,Hungary,HUF,530.0,203.643,2005-06-01
178,Indonesia,IDR,14600.0,9545.0,2005-06-01
179,Japan,JPY,250.0,106.715,2005-06-01
180,South Korea,KRW,2500.0,1005.5,2005-06-01
181,Sri Lanka,LKR,175.0,99.945,2005-06-01
182,Mexico,MXN,28.0,10.8675,2005-06-01
183,Malaysia,MYR,5.25,3.8,2005-06-01
184,Norway,NOK,39.0,6.4326,2005-06-01
185,New Zealand,NZD,4.45,1.4023,2005-06-01
186,Pakistan,PKR,130.0,59.62,2005-06-01
187,Peru,PEN,8.99,3.2546,2005-06-01
188,Philippines,PHP,80.0,54.55,2005-06-01
189,Poland,PLN,6.5,3.3096,2005-06-01
190,Russia,RUB,42.0,28.4055,2005-06-01
191,Saudi Arabia,SAR,9.0,3.7501,2005-06-01
192,Singapore,SGD,3.6,1.6607,2005-06-01
193,Sweden,SEK,31.0,7.4402,2005-06-01
194,Thailand,THB,60.0,40.53,2005-06-01
195,Turkey,TRY,4.0,1.369,2005-06-01
196,Taiwan,TWD,75.0,31.175,2005-06-01
197,Ukraine,UAH,7.25,5.06,2005-06-01
198,Uruguay,UYU,44.0,24.125,2005-06-01
199,United States,USD,2.58,1.0,2005-06-01
200,Venezuela,VEF,5600.0,2629.62,2005-06-01
201,South Africa,ZAR,13.95,6.6482,2005-06-01
202,Argentina,ARS,4.75,3.0638,2006-01-01
203,Australia,AUD,3.25,1.3308,2006-01-01
204,Brazil,BRL,6.2,2.2615,2006-01-01
205,Canada,CAD,3.52,1.1704,2006-01-01
206,Switzerland,CHF,6.3,1.2776,2006-01-01
207,Chile,CLP,1560.0,522.75,2006-01-01
208,China,CNY,10.5,8.0641,2006-01-01
209,Czech Republic,CZK,62.0,23.8375,2006-01-01
210,Denmark,DKK,27.75,6.1769,2006-01-01
211,Egypt,EGP,9.25,5.74,2006-01-01
212,Euro area,EUR,2.91,0.82815735,2006-01-01
213,Britain,GBP,1.88,0.566925563,2006-01-01
214,Hong Kong,HKD,12.0,7.7512,2006-01-01
215,Hungary,HUF,560.0,206.956,2006-01-01
216,Indonesia,IDR,14600.0,9460.0,2006-01-01
217,Japan,JPY,250.0,114.305,2006-01-01
218,South Korea,KRW,2500.0,977.45,2006-01-01
219,Mexico,MXN,28.0,10.5425,2006-01-01
220,Malaysia,MYR,5.5,3.7488,2006-01-01
221,New Zealand,NZD,4.45,1.4467,2006-01-01
222,Peru,PEN,9.5,3.446,2006-01-01
223,Philippines,PHP,82.0,52.58,2006-01-01
224,Poland,PLN,6.5,3.1151,2006-01-01
225,Russia,RUB,46.0,28.67,2006-01-01
226,Singapore,SGD,3.6,1.6353,2006-01-01
227,Sweden,SEK,33.0,7.7119,2006-01-01
228,Thailand,THB,60.0,39.755,2006-01-01
229,Turkey,TRY,4.1,1.3365,2006-01-01
230,Taiwan,TWD,75.0,31.9495,2006-01-01
231,United States,USD,2.67,1.0,2006-01-01
232,Venezuela,VEF,5900.0,2615.92,2006-01-01
233,South Africa,ZAR,13.95,6.0803,2006-01-01
234,UAE,AED,9.0,3.6726,2006-05-01
235,Argentina,ARS,7.0,3.0565,2006-05-01
236,Australia,AUD,3.25,1.33253,2006-05-01
237,Brazil,BRL,6.4,2.3045,2006-05-01
238,Canada,CAD,3.52,1.12045,2006-05-01
239,Switzerland,CHF,6.3,1.20885,2006-05-01
240,Chile,CLP,1560.0,529.95,2006-05-01
241,China,CNY,10.5,8.026,2006-05-01
242,Colombia,COP,6500.0,2503.6,2006-05-01
243,Costa Rica,CRC,1130.0,509.535,2006-05-01
244,Czech Republic,CZK,59.05,22.1078,2006-05-01
245,Denmark,DKK,27.75,5.81825,2006-05-01
246,Egypt,EGP,9.5,5.77075,2006-05-01
247,Euro area,EUR,2.939573529,0.780365992,2006-05-01
248,Britain,GBP,1.94,0.531801744,2006-05-01
249,Hong Kong,HKD,12.0,7.7533,2006-05-01
250,Hungary,HUF,560.0,206.3444,2006-05-01
251,Indonesia,IDR,14600.0,9325.0,2006-05-01
252,Japan,JPY,250.0,112.105,2006-05-01
253,South Korea,KRW,2500.0,952.4,2006-05-01
254,Sri Lanka,LKR,190.0,102.955,2006-05-01
255,Mexico,MXN,29.0,11.3031,2006-05-01
256,Malaysia,MYR,5.5,3.6295,2006-05-01
257,Norway,NOK,43.0,6.1023,2006-05-01
258,New Zealand,NZD,4.45,1.62101,2006-05-01
259,Pakistan,PKR,130.0,60.055,2006-05-01
260,Peru,PEN,9.5,3.261,2006-05-01
261,Philippines,PHP,85.0,52.625,2006-05-01
262,Poland,PLN,6.5,3.09915,2006-05-01
263,Russia,RUB,48.0,27.06375,2006-05-01
264,Saudi Arabia,SAR,9.0,3.749,2006-05-01
265,Singapore,SGD,3.6,1.5873,2006-05-01
266,Sweden,SEK,33.0,7.28455,2006-05-01
267,Thailand,THB,60.0,38.445,2006-05-01
268,Turkey,TRY,4.2,1.5415,2006-05-01
269,Taiwan,TWD,75.0,32.141,2006-05-01
270,Ukraine,UAH,8.5,5.05,2006-05-01
271,Uruguay,UYU,42.28,23.925,2006-05-01
272,United States,USD,2.78,1.0,2006-05-01
273,Venezuela,VEF,5701.25,2519.58,2006-05-01
274,South Africa,ZAR,13.95,6.597,2006-05-01
275,UAE,AED,10.0,3.6726,2007-01-01
276,Argentina,ARS,8.25,3.08875,2007-01-01
277,Australia,AUD,3.45,1.266865,2007-01-01
278,Brazil,BRL,6.4,2.1335,2007-01-01
279,Canada,CAD,3.63,1.17485,2007-01-01
280,Switzerland,CHF,6.3,1.2485,2007-01-01
281,Chile,CLP,1670.0,540.15,2007-01-01
282,China,CNY,11.0,7.7743,2007-01-01
283,Colombia,COP,6900.0,2239.325,2007-01-01
284,Costa Rica,CRC,1130.0,509.535,2007-01-01
285,Czech Republic,CZK,52.1,21.50115,2007-01-01
286,Denmark,DKK,27.75,5.75305,2007-01-01
287,Egypt,EGP,9.09,5.7,2007-01-01
288,Euro area,EUR,2.94,0.771813376,2007-01-01
289,Britain,GBP,1.94,0.506034461,2007-01-01
290,Hong Kong,HKD,12.0,7.79845,2007-01-01
291,Hungary,HUF,590.0,194.4237,2007-01-01
292,Indonesia,IDR,15900.0,9090.0,2007-01-01
293,Japan,JPY,280.0,121.585,2007-01-01
294,South Korea,KRW,2900.0,940.15,2007-01-01
295,Sri Lanka,LKR,190.0,102.955,2007-01-01
296,Mexico,MXN,29.0,10.8894,2007-01-01
297,Malaysia,MYR,5.5,3.502,2007-01-01
298,Norway,NOK,41.5,6.1023,2007-01-01
299,New Zealand,NZD,4.6,1.42796,2007-01-01
300,Pakistan,PKR,140.0,60.055,2007-01-01
301,Peru,PEN,9.5,3.1895,2007-01-01
302,Philippines,PHP,85.0,49.05,2007-01-01
303,Poland,PLN,6.9,2.97175,2007-01-01
304,Russia,RUB,49.0,26.5335,2007-01-01
305,Saudi Arabia,SAR,9.0,3.749,2007-01-01
306,Singapore,SGD,3.6,1.53795,2007-01-01
307,Sweden,SEK,32.0,7.04125,2007-01-01
308,Thailand,THB,62.0,35.3,2007-01-01
309,Turkey,TRY,4.55,1.40975,2007-01-01
310,Taiwan,TWD,75.0,32.9255,2007-01-01
311,Ukraine,UAH,9.0,5.05,2007-01-01
312,Uruguay,UYU,55.0,23.925,2007-01-01
313,United States,USD,2.89,1.0,2007-01-01
314,Venezuela,VEF,6800.0,4125.278,2007-01-01
315,South Africa,ZAR,15.5,7.10975,2007-01-01
316,UAE,AED,10.0,3.67285,2007-06-01
317,Argentina,ARS,8.25,3.0915,2007-06-01
318,Australia,AUD,3.45,1.17,2007-06-01
319,Brazil,BRL,6.9,1.913,2007-06-01
320,Canada,CAD,3.88,1.05345,2007-06-01
321,Switzerland,CHF,6.3,1.2112,2007-06-01
322,Chile,CLP,1565.0,526.75,2007-06-01
323,China,CNY,11.0,7.6047,2007-06-01
324,Colombia,COP,6900.0,1956.0,2007-06-01
325,Costa Rica,CRC,1130.0,518.625,2007-06-01
326,Czech Republic,CZK,52.9,21.11675,2007-06-01
327,Denmark,DKK,27.75,5.4603,2007-06-01
328,Egypt,EGP,9.54,5.69025,2007-06-01
329,Euro area,EUR,3.057482443,0.733756466,2007-06-01
330,Britain,GBP,1.99,0.496610632,2007-06-01
331,Hong Kong,HKD,12.0,7.81555,2007-06-01
332,Hungary,HUF,600.0,180.2106,2007-06-01
333,Indonesia,IDR,15900.0,9015.0,2007-06-01
334,Japan,JPY,280.0,122.315,2007-06-01
335,South Korea,KRW,2900.0,922.5,2007-06-01
336,Sri Lanka,LKR,210.0,111.4,2007-06-01
337,Mexico,MXN,29.0,10.76755,2007-06-01
338,Malaysia,MYR,5.5,3.4345,2007-06-01
339,Norway,NOK,40.0,5.8139,2007-06-01
340,New Zealand,NZD,4.6,1.2797,2007-06-01
341,Pakistan,PKR,140.0,60.37,2007-06-01
342,Peru,PEN,9.5,3.167,2007-06-01
343,Philippines,PHP,85.0,45.8975,2007-06-01
344,Poland,PLN,6.9,2.75185,2007-06-01
345,Russia,RUB,52.0,25.64825,2007-06-01
346,Saudi Arabia,SAR,9.0,3.75045,2007-06-01
347,Singapore,SGD,3.95,1.52375,2007-06-01
348,Sweden,SEK,33.0,6.79165,2007-06-01
349,Thailand,THB,62.0,34.455,2007-06-01
350,Turkey,TRY,4.75,1.2981,2007-06-01
351,Taiwan,TWD,75.0,32.7705,2007-06-01
352,Ukraine,UAH,9.25,5.0275,2007-06-01
353,Uruguay,UYU,62.0,23.945,2007-06-01
354,United States,USD,3.0,1.0,2007-06-01
355,Venezuela,VEF,7400.0,2147.3,2007-06-01
356,South Africa,ZAR,15.5,6.971,2007-06-01
357,UAE,AED,10.0,3.67285,2008-06-01
358,Argentina,ARS,11.0,3.0195,2008-06-01
359,Australia,AUD,3.45,1.026,2008-06-01
360,Brazil,BRL,7.5,1.5846,2008-06-01
361,Canada,CAD,4.09,1.00355,2008-06-01
362,Switzerland,CHF,6.5,1.02215,2008-06-01
363,Chile,CLP,1550.0,494.65,2008-06-01
364,China,CNY,12.5,6.834,2008-06-01
365,Colombia,COP,7000.0,1798.65,2008-06-01
366,Costa Rica,CRC,1800.0,551.02,2008-06-01
367,Czech Republic,CZK,66.08,14.49795,2008-06-01
368,Denmark,DKK,28.0,4.7044,2008-06-01
369,Egypt,EGP,13.0,5.3125,2008-06-01
370,Euro area,EUR,3.36856,0.630497147,2008-06-01
371,Britain,GBP,2.29,0.501039657,2008-06-01
372,Hong Kong,HKD,13.3,7.7974,2008-06-01
373,Hungary,HUF,670.0,144.2578,2008-06-01
374,Indonesia,IDR,18700.0,9152.0,2008-06-01
375,Japan,JPY,280.0,106.855,2008-06-01
376,South Korea,KRW,3200.0,1018.05,2008-06-01
377,Sri Lanka,LKR,210.0,107.55,2008-06-01
378,Mexico,MXN,32.0,10.1685,2008-06-01
379,Malaysia,MYR,5.5,3.238,2008-06-01
380,Norway,NOK,40.0,5.07915,2008-06-01
381,New Zealand,NZD,4.9,1.3177,2008-06-01
382,Pakistan,PKR,140.0,70.9,2008-06-01
383,Peru,PEN,9.5,2.84,2008-06-01
384,Philippines,PHP,87.0,44.485,2008-06-01
385,Poland,PLN,7.0,2.03145,2008-06-01
386,Russia,RUB,59.0,23.2336,2008-06-01
387,Saudi Arabia,SAR,10.0,3.74955,2008-06-01
388,Singapore,SGD,3.95,1.35275,2008-06-01
389,Sweden,SEK,38.0,5.96085,2008-06-01
390,Thailand,THB,62.0,33.36,2008-06-01
391,Turkey,TRY,5.15,1.19275,2008-06-01
392,Taiwan,TWD,75.0,30.3625,2008-06-01
393,Ukraine,UAH,11.0,4.6,2008-06-01
394,Uruguay,UYU,61.0,19.15,2008-06-01
395,United States,USD,3.21,1.0,2008-06-01
396,South Africa,ZAR,16.95,7.56325,2008-06-01
397,UAE,AED,10.0,3.673,2009-07-01
398,Argentina,ARS,11.5,3.81125,2009-07-01
399,Australia,AUD,4.34,1.2869,2009-07-01
400,Brazil,BRL,8.03,1.9971,2009-07-01
401,Canada,CAD,3.89,1.16085,2009-07-01
402,Switzerland,CHF,6.5,1.08605,2009-07-01
403,Chile,CLP,1750.0,548.55,2009-07-01
404,China,CNY,12.5,6.8327,2009-07-01
405,Colombia,COP,7000.0,2095.6,2009-07-01
406,Costa Rica,CRC,2000.0,582.57,2009-07-01
407,Czech Republic,CZK,67.92,18.66155,2009-07-01
408,Denmark,DKK,29.5,5.3375,2009-07-01
409,Egypt,EGP,13.0,5.58475,2009-07-01
410,Euro area,EUR,3.31,0.716897269,2009-07-01
411,Britain,GBP,2.29,0.620886626,2009-07-01
412,Hong Kong,HKD,13.3,7.7505,2009-07-01
413,Hungary,HUF,720.0,199.1577,2009-07-01
414,Indonesia,IDR,20900.0,10200.0,2009-07-01
415,Israel,ILS,15.0,3.97425,2009-07-01
416,Japan,JPY,320.0,92.565,2009-07-01
417,South Korea,KRW,3400.0,1314.5,2009-07-01
418,Sri Lanka,LKR,210.0,114.86,2009-07-01
419,Mexico,MXN,33.0,13.8104,2009-07-01
420,Malaysia,MYR,6.77,3.602,2009-07-01
421,Norway,NOK,40.0,6.50925,2009-07-01
422,New Zealand,NZD,4.9,1.59235,2009-07-01
423,Pakistan,PKR,190.0,82.6,2009-07-01
424,Peru,PEN,8.056,3.0274,2009-07-01
425,Philippines,PHP,99.39,48.385,2009-07-01
426,Poland,PLN,7.6,3.15525,2009-07-01
427,Russia,RUB,67.0,32.7959,2009-07-01
428,Saudi Arabia,SAR,11.0,3.7504,2009-07-01
429,Singapore,SGD,4.22,1.4645,2009-07-01
430,Sweden,SEK,39.0,7.90915,2009-07-01
431,Thailand,THB,64.49,34.165,2009-07-01
432,Turkey,TRY,5.65,1.55005,2009-07-01
433,Taiwan,TWD,75.0,33.1755,2009-07-01
434,Ukraine,UAH,14.0,7.66,2009-07-01
435,Uruguay,UYU,61.0,23.17,2009-07-01
436,United States,USD,3.43,1.0,2009-07-01
437,South Africa,ZAR,17.95,8.2805,2009-07-01
438,UAE,AED,11.0,3.673,2010-01-01
439,Argentina,ARS,7.0,3.7985,2010-01-01
440,Australia,AUD,4.35,1.09355,2010-01-01
441,Brazil,BRL,8.2,1.7233,2010-01-01
442,Canada,CAD,4.12,1.0368,2010-01-01
443,Switzerland,CHF,6.5,1.03115,2010-01-01
444,Chile,CLP,1600.0,503.1,2010-01-01
445,China,CNY,12.5,6.8272,2010-01-01
446,Colombia,COP,8200.0,2095.6,2010-01-01
447,Costa Rica,CRC,2050.0,582.57,2010-01-01
448,Czech Republic,CZK,67.64,18.21005,2010-01-01
449,Denmark,DKK,30.94,5.16195,2010-01-01
450,Egypt,EGP,13.0,5.465,2010-01-01
451,Euro area,EUR,3.36,0.693649638,2010-01-01
452,Britain,GBP,2.29,0.623752495,2010-01-01
453,Hong Kong,HKD,14.8,7.75655,2010-01-01
454,Hungary,HUF,720.0,186.6508,2010-01-01
455,Indonesia,IDR,20900.0,9320.0,2010-01-01
456,Israel,ILS,14.9,3.7325,2010-01-01
457,Japan,JPY,320.0,91.54,2010-01-01
458,South Korea,KRW,3400.0,1140.5,2010-01-01
459,Sri Lanka,LKR,210.0,114.86,2010-01-01
460,Mexico,MXN,32.0,12.81375,2010-01-01
461,Malaysia,MYR,7.05,3.3875,2010-01-01
462,Norway,NOK,40.0,5.69555,2010-01-01
463,New Zealand,NZD,4.9,1.35685,2010-01-01
464,Pakistan,PKR,200.0,82.6,2010-01-01
465,Peru,PEN,8.056,2.8705,2010-01-01
466,Philippines,PHP,101.52,45.92,2010-01-01
467,Poland,PLN,8.1,2.83565,2010-01-01
468,Russia,RUB,70.0,29.927,2010-01-01
469,Saudi Arabia,SAR,10.0,3.7502,2010-01-01
470,Singapore,SGD,4.45,1.39555,2010-01-01
471,Sweden,SEK,39.0,7.0821,2010-01-01
472,Thailand,THB,70.0,33.135,2010-01-01
473,Turkey,TRY,5.65,1.47455,2010-01-01
474,Taiwan,TWD,75.0,31.8425,2010-01-01
475,Ukraine,UAH,14.0,7.66,2010-01-01
476,Uruguay,UYU,77.0,23.17,2010-01-01
477,United States,USD,3.43,1.0,2010-01-01
478,South Africa,ZAR,17.95,7.3045,2010-01-01
479,UAE,AED,11.0,3.67285,2010-07-01
480,Argentina,ARS,14.0,3.93375,2010-07-01
481,Australia,AUD,4.35,1.133722578,2010-07-01
482,Brazil,BRL,8.71,1.77495,2010-07-01
483,Canada,CAD,4.17,1.04235,2010-07-01
484,Switzerland,CHF,6.5,1.05085,2010-07-01
485,Chile,CLP,1750.0,523.65,2010-07-01
486,China,CNY,13.2,6.7769,2010-07-01
487,Colombia,COP,8200.0,1868.45,2010-07-01
488,Costa Rica,CRC,2000.0,522.115,2010-07-01
489,Czech Republic,CZK,67.64,19.7476,2010-07-01
490,Denmark,DKK,28.5,5.81365,2010-07-01
491,Egypt,EGP,13.0,5.699,2010-07-01
492,Euro area,EUR,3.380031071,0.78015291,2010-07-01
493,Britain,GBP,2.29,0.657375756,2010-07-01
494,Hong Kong,HKD,14.8,7.7742,2010-07-01
495,Hungary,HUF,740.0,221.96915,2010-07-01
496,Indonesia,IDR,22780.0,9063.0,2010-07-01
497,Israel,ILS,14.9,3.8619,2010-07-01
498,Japan,JPY,320.0,87.18,2010-07-01
499,South Korea,KRW,3400.0,1204.45,2010-07-01
500,Sri Lanka,LKR,210.0,112.775,2010-07-01
501,Mexico,MXN,32.0,12.782,2010-07-01
502,Malaysia,MYR,7.05,3.2135,2010-07-01
503,Norway,NOK,45.0,6.24625,2010-07-01
504,New Zealand,NZD,5.0,1.39275766,2010-07-01
505,Pakistan,PKR,210.0,85.525,2010-07-01
506,Peru,PEN,10.0,2.8275,2010-07-01
507,Philippines,PHP,102.0,46.47,2010-07-01
508,Poland,PLN,8.3,3.1969,2010-07-01
509,Russia,RUB,71.0,30.44325,2010-07-01
510,Saudi Arabia,SAR,10.0,3.75045,2010-07-01
511,Singapore,SGD,4.23,1.3742,2010-07-01
512,Sweden,SEK,48.4,7.37355,2010-07-01
513,Thailand,THB,70.0,32.305,2010-07-01
514,Turkey,TRY,5.95,1.5293,2010-07-01
515,Taiwan,TWD,75.0,32.1055,2010-07-01
516,Ukraine,UAH,14.5,7.899,2010-07-01
517,Uruguay,UYU,79.0,21.1,2010-07-01
518,United States,USD,3.53,1.0,2010-07-01
519,South Africa,ZAR,18.45,7.5365,2010-07-01
520,UAE,AED,12.0,3.67305,2011-07-01
521,Argentina,ARS,20.0,4.1325,2011-07-01
522,Australia,AUD,4.56,0.922381589,2011-07-01
523,Austria,EUR,3.09,0.697520315,2011-07-01
524,Belgium,EUR,3.75,0.697520315,2011-07-01
525,Brazil,BRL,9.5,1.5416,2011-07-01
526,Canada,CAD,4.73,0.94585,2011-07-01
527,Switzerland,CHF,6.5,0.80615,2011-07-01
528,Chile,CLP,1850.0,462.75,2011-07-01
529,China,CNY,14.65,6.445,2011-07-01
530,Colombia,COP,8400.0,1770.5,2011-07-01
531,Costa Rica,CRC,2050.0,504.305,2011-07-01
532,Czech Republic,CZK,69.32,17.0219,2011-07-01
533,Germany,EUR,3.4,0.697520315,2011-07-01
534,Denmark,DKK,28.5,5.19845,2011-07-01
535,Egypt,EGP,14.09,5.962,2011-07-01
536,Spain,EUR,3.5,0.697520315,2011-07-01
537,Estonia,EUR,2.2,0.697520315,2011-07-01
538,Euro area,EUR,3.437660401,0.697520315,2011-07-01
539,Finland,EUR,3.75,0.697520315,2011-07-01
540,France,EUR,3.5,0.697520315,2011-07-01
541,Britain,GBP,2.39,0.614137444,2011-07-01
542,Greece,EUR,3.26,0.697520315,2011-07-01
543,Hong Kong,HKD,15.1,7.7918,2011-07-01
544,Hungary,HUF,760.0,188.0724,2011-07-01
545,Indonesia,IDR,22534.0,8523.0,2011-07-01
546,India,INR,84.0,44.4,2011-07-01
547,Ireland,EUR,3.8,0.697520315,2011-07-01
548,Israel,ILS,15.9,3.40335,2011-07-01
549,Italy,EUR,3.5,0.697520315,2011-07-01
550,Japan,JPY,320.0,78.365,2011-07-01
551,South Korea,KRW,3700.0,1056.2,2011-07-01
552,Sri Lanka,LKR,280.0,109.475,2011-07-01
553,Mexico,MXN,32.0,11.67075,2011-07-01
554,Malaysia,MYR,7.2,2.973,2011-07-01
555,Netherlands,EUR,3.25,0.697520315,2011-07-01
556,Norway,NOK,45.0,5.41405,2011-07-01
557,New Zealand,NZD,5.1,1.156069364,2011-07-01
558,Pakistan,PKR,205.13,86.345,2011-07-01
559,Peru,PEN,10.0,2.7375,2011-07-01
560,Philippines,PHP,118.0,42.41,2011-07-01
561,Poland,PLN,8.63,2.7968,2011-07-01
562,Portugal,EUR,2.9,0.697520315,2011-07-01
563,Russia,RUB,75.0,27.7525,2011-07-01
564,Saudi Arabia,SAR,10.0,3.7502,2011-07-01
565,Singapore,SGD,4.41,1.20705,2011-07-01
566,Sweden,SEK,48.4,6.3352,2011-07-01
567,Thailand,THB,70.0,29.75,2011-07-01
568,Turkey,TRY,6.5,1.72285,2011-07-01
569,Taiwan,TWD,75.0,28.834,2011-07-01
570,Ukraine,UAH,16.5,7.994,2011-07-01
571,Uruguay,UYU,90.0,18.45,2011-07-01
572,United States,USD,3.64,1.0,2011-07-01
573,Venezuela,VEF,28.0,4.29465,2011-07-01
574,South Africa,ZAR,19.45,6.76885,2011-07-01
575,UAE,AED,12.0,3.673,2012-01-01
576,Argentina,ARS,20.0,4.3135,2012-01-01
577,Australia,AUD,4.8,0.972337012,2012-01-01
578,Austria,EUR,3.09,0.788239467,2012-01-01
579,Belgium,EUR,3.7,0.788239467,2012-01-01
580,Brazil,BRL,10.25,1.805,2012-01-01
581,Canada,CAD,4.73,1.02095,2012-01-01
582,Switzerland,CHF,6.5,0.9551,2012-01-01
583,Chile,CLP,2050.0,506.05,2012-01-01
584,China,CNY,15.4,6.3155,2012-01-01
585,Colombia,COP,8400.0,1852.15,2012-01-01
586,Costa Rica,CRC,2050.0,509.54,2012-01-01
587,Czech Republic,CZK,70.22,20.36535,2012-01-01
588,Germany,EUR,3.53,0.788239467,2012-01-01
589,Denmark,DKK,31.5,5.86135,2012-01-01
590,Egypt,EGP,15.5,6.037,2012-01-01
591,Spain,EUR,3.5,0.788239467,2012-01-01
592,Estonia,EUR,2.04,0.788239467,2012-01-01
593,Euro area,EUR,3.49245637,0.788239467,2012-01-01
594,Finland,EUR,3.75,0.788239467,2012-01-01
595,France,EUR,3.6,0.788239467,2012-01-01
596,Britain,GBP,2.49,0.651253663,2012-01-01
597,Greece,EUR,3.3,0.788239467,2012-01-01
598,Hong Kong,HKD,16.5,7.76735,2012-01-01
599,Hungary,HUF,645.0,245.69425,2012-01-01
600,Indonesia,IDR,22534.0,9160.0,2012-01-01
601,India,INR,84.0,51.905,2012-01-01
602,Ireland,EUR,3.8,0.788239467,2012-01-01
603,Israel,ILS,15.9,3.8485,2012-01-01
604,Italy,EUR,3.5,0.788239467,2012-01-01
605,Japan,JPY,320.0,76.92,2012-01-01
606,South Korea,KRW,3700.0,1158.75,2012-01-01
607,Sri Lanka,LKR,290.0,113.93,2012-01-01
608,Mexico,MXN,37.0,13.6844,2012-01-01
609,Malaysia,MYR,7.35,3.13955,2012-01-01
610,Netherlands,EUR,3.25,0.788239467,2012-01-01
611,Norway,NOK,41.0,6.0399,2012-01-01
612,New Zealand,NZD,5.1,1.26000126,2012-01-01
613,Pakistan,PKR,260.0,90.05,2012-01-01
614,Peru,PEN,10.0,2.6925,2012-01-01
615,Philippines,PHP,118.0,44.005,2012-01-01
616,Poland,PLN,9.1,3.52045,2012-01-01
617,Portugal,EUR,2.9,0.788239467,2012-01-01
618,Russia,RUB,81.0,31.7693,2012-01-01
619,Saudi Arabia,SAR,10.0,3.7502,2012-01-01
620,Singapore,SGD,4.85,1.2928,2012-01-01
621,Sweden,SEK,41.0,6.9338,2012-01-01
622,Thailand,THB,78.0,31.75,2012-01-01
623,Turkey,TRY,6.6,1.86295,2012-01-01
624,Taiwan,TWD,75.0,29.9795,2012-01-01
625,Ukraine,UAH,17.0,8.0405,2012-01-01
626,Uruguay,UYU,90.0,19.45,2012-01-01
627,United States,USD,3.81,1.0,2012-01-01
628,Venezuela,VEF,30.0,4.29465,2012-01-01
629,South Africa,ZAR,19.95,8.1304,2012-01-01
630,UAE,AED,12.0,3.67295,2012-07-01
631,Argentina,ARS,19.0,4.56625,2012-07-01
632,Australia,AUD,4.56,0.974326497,2012-07-01
633,Austria,EUR,3.19,0.824844311,2012-07-01
634,Belgium,EUR,3.8,0.824844311,2012-07-01
635,Brazil,BRL,10.08,2.04215,2012-07-01
636,Canada,CAD,5.12,1.01945,2012-07-01
637,Switzerland,CHF,6.5,0.9906,2012-07-01
638,Chile,CLP,2050.0,493.05,2012-07-01
639,China,CNY,15.65,6.3885,2012-07-01
640,Colombia,COP,8600.0,1804.475,2012-07-01
641,Czech Republic,CZK,70.33,21.048,2012-07-01
642,Germany,EUR,3.64,0.824844311,2012-07-01
643,Denmark,DKK,28.5,6.1356,2012-07-01
644,Egypt,EGP,16.0,6.0665,2012-07-01
645,Spain,EUR,3.5,0.824844311,2012-07-01
646,Estonia,EUR,2.04,0.824844311,2012-07-01
647,Euro area,EUR,3.583482241,0.824844311,2012-07-01
648,Finland,EUR,3.75,0.824844311,2012-07-01
649,France,EUR,3.6,0.824844311,2012-07-01
650,Britain,GBP,2.69,0.646266197,2012-07-01
651,Greece,EUR,2.683,0.824844311,2012-07-01
652,Hong Kong,HKD,16.5,7.75815,2012-07-01
653,Hungary,HUF,830.0,238.2151,2012-07-01
654,Indonesia,IDR,24200.0,9482.5,2012-07-01
655,India,INR,89.0,56.165,2012-07-01
656,Ireland,EUR,3.49,0.824844311,2012-07-01
657,Israel,ILS,11.9,4.07625,2012-07-01
658,Italy,EUR,3.6,0.824844311,2012-07-01
659,Japan,JPY,320.0,78.22,2012-07-01
660,South Korea,KRW,3700.0,1151.0,2012-07-01
661,Sri Lanka,LKR,290.0,131.0,2012-07-01
662,Mexico,MXN,37.0,13.687,2012-07-01
663,Malaysia,MYR,7.4,3.1735,2012-07-01
664,Netherlands,EUR,3.38,0.824844311,2012-07-01
665,Norway,NOK,43.0,6.09205,2012-07-01
666,New Zealand,NZD,5.1,1.273560876,2012-07-01
667,Pakistan,PKR,285.0,94.605,2012-07-01
668,Philippines,PHP,118.0,42.2,2012-07-01
669,Poland,PLN,9.1,3.46035,2012-07-01
670,Portugal,EUR,4.95,0.824844311,2012-07-01
671,Russia,RUB,75.0,32.76525,2012-07-01
672,Saudi Arabia,SAR,10.0,3.75025,2012-07-01
673,Singapore,SGD,4.4,1.2585,2012-07-01
674,Sweden,SEK,39.97301987,6.9777,2012-07-01
675,Thailand,THB,82.0,31.7,2012-07-01
676,Turkey,TRY,8.25,1.8269,2012-07-01
677,Taiwan,TWD,75.0,30.1955,2012-07-01
678,Ukraine,UAH,15.0,8.0855,2012-07-01
679,Uruguay,UYU,99.0,21.87,2012-07-01
680,United States,USD,3.96,1.0,2012-07-01
681,Venezuela,VEF,34.0,4.29465,2012-07-01
682,South Africa,ZAR,19.95,8.4683,2012-07-01
683,UAE,AED,12.0,3.67305,2013-01-01
684,Argentina,ARS,19.0,4.9765,2013-01-01
685,Australia,AUD,4.7,0.959094615,2013-01-01
686,Austria,EUR,3.39,0.736946829,2013-01-01
687,Belgium,EUR,3.8,0.736946829,2013-01-01
688,Brazil,BRL,11.25,1.99335,2013-01-01
689,Canada,CAD,5.41,1.0029,2013-01-01
690,Switzerland,CHF,6.5,0.9123,2013-01-01
691,Chile,CLP,2050.0,471.75,2013-01-01
692,China,CNY,16.0,6.2204,2013-01-01
693,Colombia,COP,8600.0,1773.175,2013-01-01
694,Costa Rica,CRC,2200.0,500.83,2013-01-01
695,Czech Republic,CZK,70.33,18.89495,2013-01-01
696,Germany,EUR,3.64,0.736946829,2013-01-01
697,Denmark,DKK,28.5,5.49795,2013-01-01
698,Egypt,EGP,16.0,6.68575,2013-01-01
699,Spain,EUR,3.5,0.736946829,2013-01-01
700,Estonia,EUR,2.7,0.736946829,2013-01-01
701,Euro area,EUR,3.594849572,0.736946829,2013-01-01
702,Finland,EUR,3.75,0.736946829,2013-01-01
703,France,EUR,3.6,0.736946829,2013-01-01
704,Britain,GBP,2.69,0.633211968,2013-01-01
705,Greece,EUR,3.3,0.736946829,2013-01-01
706,Hong Kong,HKD,17.0,7.7591,2013-01-01
707,Hungary,HUF,830.0,217.46935,2013-01-01
708,Indonesia,IDR,27939.0,9767.5,2013-01-01
709,India,INR,89.0,53.395,2013-01-01
710,Ireland,EUR,3.49,0.736946829,2013-01-01
711,Israel,ILS,14.9,3.72455,2013-01-01
712,Italy,EUR,3.85,0.736946829,2013-01-01
713,Japan,JPY,320.0,91.065,2013-01-01
714,South Korea,KRW,3700.0,1085.475,2013-01-01
715,Sri Lanka,LKR,350.0,126.45,2013-01-01
716,Mexico,MXN,37.0,12.7384,2013-01-01
717,Malaysia,MYR,7.95,3.083,2013-01-01
718,Netherlands,EUR,3.45,0.736946829,2013-01-01
719,Norway,NOK,43.0,5.4831,2013-01-01
720,New Zealand,NZD,5.2,1.202428906,2013-01-01
721,Pakistan,PKR,290.0,97.665,2013-01-01
722,Peru,PEN,10.0,2.5595,2013-01-01
723,Philippines,PHP,118.0,40.6,2013-01-01
724,Poland,PLN,9.1,3.092,2013-01-01
725,Portugal,EUR,2.95,0.736946829,2013-01-01
726,Russia,RUB,72.88,30.045,2013-01-01
727,Saudi Arabia,SAR,11.0,3.7502,2013-01-01
728,Singapore,SGD,4.5,1.23485,2013-01-01
729,Sweden,SEK,40.55930138,6.3492,2013-01-01
730,Thailand,THB,87.0,29.755,2013-01-01
731,Turkey,TRY,8.45,1.76875,2013-01-01
732,Taiwan,TWD,75.0,29.502,2013-01-01
733,Ukraine,UAH,19.0,8.144,2013-01-01
734,Uruguay,UYU,105.0,19.28,2013-01-01
735,United States,USD,4.03,1.0,2013-01-01
736,Venezuela,VEF,39.0,4.29465,2013-01-01
737,South Africa,ZAR,20.9,9.047,2013-01-01
738,UAE,AED,12.0,3.673,2013-07-01
739,Argentina,ARS,21.0,5.4125,2013-07-01
740,Australia,AUD,5.035,1.089858863,2013-07-01
741,Austria,EUR,3.39,0.777756173,2013-07-01
742,Belgium,EUR,3.7,0.777756173,2013-07-01
743,Brazil,BRL,12.0,2.27065,2013-07-01
744,Canada,CAD,5.53,1.05125,2013-07-01
745,Switzerland,CHF,6.5,0.9674,2013-07-01
746,Chile,CLP,2000.0,508.155,2013-07-01
747,China,CNY,16.0,6.1341,2013-07-01
748,Colombia,COP,8600.0,1921.0,2013-07-01
749,Costa Rica,CRC,2150.0,498.675,2013-07-01
750,Czech Republic,CZK,70.45,20.1828,2013-07-01
751,Germany,EUR,3.64,0.777756173,2013-07-01
752,Denmark,DKK,28.5,5.8006,2013-07-01
753,Egypt,EGP,16.75,7.00915,2013-07-01
754,Spain,EUR,3.5,0.777756173,2013-07-01
755,Estonia,EUR,2.75,0.777756173,2013-07-01
756,Euro area,EUR,3.623870489,0.777756173,2013-07-01
757,Finland,EUR,4.1,0.777756173,2013-07-01
758,France,EUR,3.9,0.777756173,2013-07-01
759,Britain,GBP,2.69,0.669142494,2013-07-01
760,Greece,EUR,2.6,0.777756173,2013-07-01
761,Hong Kong,HKD,17.0,7.75665,2013-07-01
762,Hungary,HUF,860.0,228.462,2013-07-01
763,Indonesia,IDR,27939.0,9965.0,2013-07-01
764,India,INR,90.0,59.98,2013-07-01
765,Ireland,EUR,3.46,0.777756173,2013-07-01
766,Israel,ILS,17.5,3.64595,2013-07-01
767,Italy,EUR,3.75,0.777756173,2013-07-01
768,Japan,JPY,320.0,100.105,2013-07-01
769,South Korea,KRW,3900.0,1135.7,2013-07-01
770,Sri Lanka,LKR,370.0,130.8,2013-07-01
771,Mexico,MXN,37.0,12.94115,2013-07-01
772,Malaysia,MYR,7.3,3.1805,2013-07-01
773,Netherlands,EUR,3.45,0.777756173,2013-07-01
774,Norway,NOK,46.0,6.1281,2013-07-01
775,New Zealand,NZD,5.5,1.279344975,2013-07-01
776,Pakistan,PKR,300.0,100.035,2013-07-01
777,Peru,PEN,10.0,2.783,2013-07-01
778,Philippines,PHP,115.21,43.44,2013-07-01
779,Poland,PLN,9.2,3.3655,2013-07-01
780,Portugal,EUR,2.95,0.777756173,2013-07-01
781,Russia,RUB,87.0,32.9389,2013-07-01
782,Saudi Arabia,SAR,10.0,3.7502,2013-07-01
783,Singapore,SGD,4.7,1.2747,2013-07-01
784,Sweden,SEK,41.61,6.7583,2013-07-01
785,Thailand,THB,89.0,31.275,2013-07-01
786,Turkey,TRY,8.5,1.95745,2013-07-01
787,Taiwan,TWD,79.0,30.0285,2013-07-01
788,Ukraine,UAH,19.0,8.155,2013-07-01
789,Uruguay,UYU,105.0,21.085,2013-07-01
790,United States,USD,4.18,1.0,2013-07-01
791,Venezuela,VEF,45.0,6.2921,2013-07-01
792,South Africa,ZAR,22.5,10.04725,2013-07-01
793,UAE,AED,12.0,3.673,2014-01-01
794,Argentina,ARS,21.0,6.92125,2014-01-01
795,Australia,AUD,5.05,1.128859288,2014-01-01
796,Austria,EUR,3.39,0.737218475,2014-01-01
797,Belgium,EUR,3.95,0.737218475,2014-01-01
798,Brazil,BRL,12.4,2.36305,2014-01-01
799,Canada,CAD,5.54,1.1051,2014-01-01
800,Switzerland,CHF,6.5,0.91005,2014-01-01
801,Chile,CLP,2000.0,541.95,2014-01-01
802,China,CNY,16.6,6.0513,2014-01-01
803,Colombia,COP,8600.0,1982.795,2014-01-01
804,Costa Rica,CRC,2150.0,501.92,2014-01-01
805,Czech Republic,CZK,70.45,20.2838,2014-01-01
806,Germany,EUR,3.67,0.737218475,2014-01-01
807,Denmark,DKK,28.5,5.5014,2014-01-01
808,Egypt,EGP,16.93,6.961,2014-01-01
809,Spain,EUR,3.65,0.737218475,2014-01-01
810,Estonia,EUR,2.8,0.737218475,2014-01-01
811,Euro area,EUR,3.657962724,0.737218475,2014-01-01
812,Finland,EUR,4.1,0.737218475,2014-01-01
813,France,EUR,3.8,0.737218475,2014-01-01
814,Britain,GBP,2.79,0.603009015,2014-01-01
815,Greece,EUR,3.05,0.737218475,2014-01-01
816,Hong Kong,HKD,18.0,7.75785,2014-01-01
817,Hungary,HUF,860.0,223.09705,2014-01-01
818,Indonesia,IDR,27939.0,12140.0,2014-01-01
819,India,INR,95.0,61.845,2014-01-01
820,Ireland,EUR,3.46,0.737218475,2014-01-01
821,Israel,ILS,17.5,3.4882,2014-01-01
822,Italy,EUR,3.85,0.737218475,2014-01-01
823,Japan,JPY,310.0,104.245,2014-01-01
824,South Korea,KRW,3700.0,1067.3,2014-01-01
825,Sri Lanka,LKR,350.0,130.8,2014-01-01
826,Lithuania,EUR,8.8,2.5454,2014-01-01
827,Mexico,MXN,37.0,13.33275,2014-01-01
828,Malaysia,MYR,7.4,3.3235,2014-01-01
829,Netherlands,EUR,3.45,0.737218475,2014-01-01
830,Norway,NOK,48.0,6.15745,2014-01-01
831,New Zealand,NZD,5.5,1.203007519,2014-01-01
832,Pakistan,PKR,320.0,105.415,2014-01-01
833,Peru,PEN,10.0,2.8065,2014-01-01
834,Philippines,PHP,135.0,45.23,2014-01-01
835,Poland,PLN,9.2,3.0684,2014-01-01
836,Portugal,EUR,3.0,0.737218475,2014-01-01
837,Russia,RUB,89.0,33.93925,2014-01-01
838,Saudi Arabia,SAR,11.0,3.7504,2014-01-01
839,Singapore,SGD,4.6,1.27885,2014-01-01
840,Sweden,SEK,40.7,6.47315,2014-01-01
841,Thailand,THB,96.0,32.875,2014-01-01
842,Turkey,TRY,8.5,2.26155,2014-01-01
843,Taiwan,TWD,79.0,30.161,2014-01-01
844,Ukraine,UAH,19.0,8.379,2014-01-01
845,Uruguay,UYU,105.0,21.38,2014-01-01
846,United States,USD,4.24,1.0,2014-01-01
847,Venezuela,VEF,45.0,6.2921,2014-01-01
848,South Africa,ZAR,23.5,10.87765,2014-01-01
849,UAE,AED,13.0,3.67305,2014-07-01
850,Argentina,ARS,21.0,8.16875,2014-07-01
851,Australia,AUD,5.1,1.059378145,2014-07-01
852,Austria,EUR,3.39,0.742748914,2014-07-01
853,Belgium,EUR,3.7,0.742748914,2014-07-01
854,Brazil,BRL,13.0,2.22025,2014-07-01
855,Canada,CAD,5.64,1.07405,2014-07-01
856,Switzerland,CHF,6.16,0.9024,2014-07-01
857,Chile,CLP,2100.0,564.14,2014-07-01
858,China,CNY,16.9,6.1983,2014-07-01
859,Colombia,COP,8600.0,1847.65,2014-07-01
860,Costa Rica,CRC,2150.0,537.3,2014-07-01
861,Czech Republic,CZK,70.45,20.3877,2014-07-01
862,Germany,EUR,3.67,0.742748914,2014-07-01
863,Denmark,DKK,28.5,5.5388,2014-07-01
864,Egypt,EGP,16.93,7.15005,2014-07-01
865,Spain,EUR,3.65,0.742748914,2014-07-01
866,Estonia,EUR,2.9,0.742748914,2014-07-01
867,Euro area,EUR,3.67923829,0.742748914,2014-07-01
868,Finland,EUR,4.1,0.742748914,2014-07-01
869,France,EUR,3.9,0.742748914,2014-07-01
870,Britain,GBP,2.89,0.586785589,2014-07-01
871,Greece,EUR,3.05,0.742748914,2014-07-01
872,Hong Kong,HKD,18.8,7.75045,2014-07-01
873,Hungary,HUF,860.0,228.30615,2014-07-01
874,Indonesia,IDR,27939.0,11505.0,2014-07-01
875,India,INR,105.0,60.08875,2014-07-01
876,Ireland,EUR,3.49,0.742748914,2014-07-01
877,Israel,ILS,17.5,3.4138,2014-07-01
878,Italy,EUR,3.85,0.742748914,2014-07-01
879,Japan,JPY,370.0,101.53,2014-07-01
880,South Korea,KRW,4100.0,1023.75,2014-07-01
881,Sri Lanka,LKR,350.0,130.255,2014-07-01
882,Lithuania,EUR,8.95,2.56455,2014-07-01
883,Mexico,MXN,42.0,12.93255,2014-07-01
884,Malaysia,MYR,7.63,3.1675,2014-07-01
885,Netherlands,EUR,3.45,0.742748914,2014-07-01
886,Norway,NOK,48.0,6.1873,2014-07-01
887,New Zealand,NZD,5.7,1.152737752,2014-07-01
888,Pakistan,PKR,300.0,98.68,2014-07-01
889,Peru,PEN,10.0,2.788,2014-07-01
890,Philippines,PHP,160.0,43.205,2014-07-01
891,Poland,PLN,9.2,3.0714,2014-07-01
892,Portugal,EUR,3.0,0.742748914,2014-07-01
893,Russia,RUB,89.0,34.83725,2014-07-01
894,Saudi Arabia,SAR,11.0,3.75035,2014-07-01
895,Singapore,SGD,4.7,1.238,2014-07-01
896,Sweden,SEK,40.7,6.836,2014-07-01
897,Thailand,THB,99.0,31.78,2014-07-01
898,Turkey,TRY,9.25,2.09125,2014-07-01
899,Taiwan,TWD,79.0,29.982,2014-07-01
900,Ukraine,UAH,19.0,11.685,2014-07-01
901,Uruguay,UYU,113.0,22.97,2014-07-01
902,United States,USD,4.29,1.0,2014-07-01
903,Venezuela,VEF,75.0,11.0,2014-07-01
904,Vietnam,VND,60000.0,21230.0,2014-07-01
905,South Africa,ZAR,24.5,10.5145,2014-07-01
906,UAE,AED,13.0,3.67305,2015-01-01
907,Argentina,ARS,28.0,8.61,2015-01-01
908,Australia,AUD,5.3,1.227219734,2015-01-01
909,Austria,EUR,3.39,0.863073404,2015-01-01
910,Belgium,EUR,3.7,0.863073404,2015-01-01
911,Brazil,BRL,13.5,2.59275,2015-01-01
912,Canada,CAD,5.7,1.22855,2015-01-01
913,Switzerland,CHF,6.5,0.86165,2015-01-01
914,Chile,CLP,2100.0,627.485,2015-01-01
915,China,CNY,17.2,6.2115,2015-01-01
916,Colombia,COP,7900.0,2364.98,2015-01-01
917,Costa Rica,CRC,2150.0,536.09,2015-01-01
918,Czech Republic,CZK,70.45,24.13325,2015-01-01
919,Germany,EUR,3.67,0.863073404,2015-01-01
920,Denmark,DKK,34.5,6.4174,2015-01-01
921,Egypt,EGP,16.93,7.35005,2015-01-01
922,Spain,EUR,3.65,0.863073404,2015-01-01
923,Estonia,EUR,2.9,0.863073404,2015-01-01
924,Euro area,EUR,3.68,0.863073404,2015-01-01
925,Finland,EUR,4.1,0.863073404,2015-01-01
926,France,EUR,3.9,0.863073404,2015-01-01
927,Britain,GBP,2.89,0.661594443,2015-01-01
928,Greece,EUR,3.05,0.863073404,2015-01-01
929,Hong Kong,HKD,18.8,7.75135,2015-01-01
930,Hungary,HUF,860.0,271.39345,2015-01-01
931,Indonesia,IDR,27939.0,12480.0,2015-01-01
932,India,INR,116.25,61.615,2015-01-01
933,Ireland,EUR,3.49,0.863073404,2015-01-01
934,Israel,ILS,17.5,3.93415,2015-01-01
935,Italy,EUR,3.85,0.863073404,2015-01-01
936,Japan,JPY,370.0,117.765,2015-01-01
937,South Korea,KRW,4100.0,1083.3,2015-01-01
938,Sri Lanka,LKR,350.0,131.875,2015-01-01
939,Mexico,MXN,49.0,14.6275,2015-01-01
940,Malaysia,MYR,7.63,3.6155,2015-01-01
941,Netherlands,EUR,3.45,0.863073404,2015-01-01
942,Norway,NOK,48.0,7.6225,2015-01-01
943,New Zealand,NZD,5.9,1.313283866,2015-01-01
944,Pakistan,PKR,300.0,100.735,2015-01-01
945,Peru,PEN,10.0,3.008,2015-01-01
946,Philippines,PHP,163.0,44.41,2015-01-01
947,Poland,PLN,9.2,3.7066,2015-01-01
948,Portugal,EUR,3.0,0.863073404,2015-01-01
949,Russia,RUB,89.0,65.227,2015-01-01
950,Saudi Arabia,SAR,11.0,3.7569,2015-01-01
951,Singapore,SGD,4.7,1.33315,2015-01-01
952,Sweden,SEK,40.7,8.19145,2015-01-01
953,Thailand,THB,99.0,32.605,2015-01-01
954,Turkey,TRY,9.25,2.33345,2015-01-01
955,Taiwan,TWD,79.0,31.493,2015-01-01
956,Ukraine,UAH,19.0,15.822,2015-01-01
957,Uruguay,UYU,113.0,24.425,2015-01-01
958,United States,USD,4.29,1.0,2015-01-01
959,Venezuela,VEF,132.0,52.1021,2015-01-01
960,Vietnam,VND,60000.0,21380.0,2015-01-01
961,South Africa,ZAR,25.5,11.47875,2015-01-01
962,UAE,AED,13.0,3.67295,2015-07-01
963,Argentina,ARS,28.0,9.135,2015-07-01
964,Australia,AUD,5.3,1.35126005,2015-07-01
965,Austria,EUR,3.39,0.912700224,2015-07-01
966,Belgium,EUR,3.7,0.912700224,2015-07-01
967,Brazil,BRL,13.5,3.15235,2015-07-01
968,Canada,CAD,5.85,1.2897,2015-07-01
969,Switzerland,CHF,6.5,0.9528,2015-07-01
970,Chile,CLP,2100.0,642.45,2015-07-01
971,China,CNY,17.0,6.2092,2015-07-01
972,Colombia,COP,7900.0,2708.9,2015-07-01
973,Costa Rica,CRC,2150.0,533.3,2015-07-01
974,Czech Republic,CZK,70.0,24.70225,2015-07-01
975,Germany,EUR,3.59,0.912700224,2015-07-01
976,Denmark,DKK,34.59,6.81105,2015-07-01
977,Egypt,EGP,16.93,7.83005,2015-07-01
978,Spain,EUR,3.65,0.912700224,2015-07-01
979,Estonia,EUR,2.95,0.912700224,2015-07-01
980,Euro area,EUR,3.7,0.912700224,2015-07-01
981,Finland,EUR,4.1,0.912700224,2015-07-01
982,France,EUR,4.1,0.912700224,2015-07-01
983,Britain,GBP,2.89,0.640450877,2015-07-01
984,Greece,EUR,3.05,0.912700224,2015-07-01
985,Hong Kong,HKD,19.2,7.7508,2015-07-01
986,Hungary,HUF,900.0,282.8778,2015-07-01
987,Indonesia,IDR,30500.0,13344.5,2015-07-01
988,India,INR,116.25,63.43,2015-07-01
989,Ireland,EUR,3.7,0.912700224,2015-07-01
990,Israel,ILS,17.5,3.77835,2015-07-01
991,Italy,EUR,4.0,0.912700224,2015-07-01
992,Japan,JPY,370.0,123.935,2015-07-01
993,South Korea,KRW,4300.0,1143.5,2015-07-01
994,Sri Lanka,LKR,350.0,133.85,2015-07-01
995,Mexico,MXN,49.0,15.73975,2015-07-01
996,Malaysia,MYR,7.65,3.8065,2015-07-01
997,Netherlands,EUR,3.45,0.912700224,2015-07-01
998,Norway,NOK,46.0,8.14255,2015-07-01
999,New Zealand,NZD,5.9,1.509092281,2015-07-01
1000,Pakistan,PKR,350.0,101.7,2015-07-01
1001,Peru,PEN,10.0,3.1835,2015-07-01
1002,Philippines,PHP,163.0,45.2125,2015-07-01
1003,Poland,PLN,9.6,3.7736,2015-07-01
1004,Portugal,EUR,3.0,0.912700224,2015-07-01
1005,Russia,RUB,107.0,56.815,2015-07-01
1006,Saudi Arabia,SAR,12.0,3.75055,2015-07-01
1007,Singapore,SGD,4.7,1.3664,2015-07-01
1008,Sweden,SEK,43.7,8.52265,2015-07-01
1009,Thailand,THB,108.0,34.0875,2015-07-01
1010,Turkey,TRY,10.25,2.6457,2015-07-01
1011,Taiwan,TWD,79.0,31.02,2015-07-01
1012,Ukraine,UAH,34.0,21.95,2015-07-01
1013,Uruguay,UYU,113.0,27.345,2015-07-01
1014,United States,USD,4.29,1.0,2015-07-01
1015,Venezuela,VEF,132.0,197.0,2015-07-01
1016,Vietnam,VND,60000.0,21810.0,2015-07-01
1017,South Africa,ZAR,26.0,12.41455,2015-07-01
1018,UAE,AED,13.0,3.6731,2016-01-01
1019,Argentina,ARS,33.0,13.80925,2016-01-01
1020,Australia,AUD,5.3,1.415728746,2016-01-01
1021,Austria,EUR,3.5,0.930232558,2016-01-01
1022,Belgium,EUR,3.95,0.930232558,2016-01-01
1023,Brazil,BRL,13.5,4.0248,2016-01-01
1024,Canada,CAD,5.84,1.4092,2016-01-01
1025,Switzerland,CHF,6.5,1.0088,2016-01-01
1026,Chile,CLP,2100.0,715.215,2016-01-01
1027,China,CNY,17.6,6.5582,2016-01-01
1028,Colombia,COP,7900.0,3253.9,2016-01-01
1029,Costa Rica,CRC,2150.0,535.25,2016-01-01
1030,Czech Republic,CZK,75.0,25.1442,2016-01-01
1031,Germany,EUR,3.59,0.930232558,2016-01-01
1032,Denmark,DKK,30.0,6.9405,2016-01-01
1033,Egypt,EGP,16.93,7.83005,2016-01-01
1034,Spain,EUR,3.5,0.930232558,2016-01-01
1035,Estonia,EUR,3.0,0.930232558,2016-01-01
1036,Euro area,EUR,3.72,0.930232558,2016-01-01
1037,Finland,EUR,4.1,0.930232558,2016-01-01
1038,France,EUR,4.1,0.930232558,2016-01-01
1039,Britain,GBP,2.89,0.684532977,2016-01-01
1040,Greece,EUR,3.35,0.930232558,2016-01-01
1041,Hong Kong,HKD,19.2,7.75235,2016-01-01
1042,Hungary,HUF,900.0,292.67905,2016-01-01
1043,Indonesia,IDR,30500.0,13947.5,2016-01-01
1044,India,INR,127.0,66.8025,2016-01-01
1045,Ireland,EUR,3.95,0.930232558,2016-01-01
1046,Israel,ILS,16.9,3.94105,2016-01-01
1047,Italy,EUR,4.0,0.930232558,2016-01-01
1048,Japan,JPY,370.0,118.645,2016-01-01
1049,South Korea,KRW,4300.0,1197.75,2016-01-01
1050,Sri Lanka,LKR,350.0,144.05,2016-01-01
1051,Mexico,MXN,49.0,17.43675,2016-01-01
1052,Malaysia,MYR,8.0,4.3925,2016-01-01
1053,Netherlands,EUR,3.45,0.930232558,2016-01-01
1054,Norway,NOK,46.8,8.97465,2016-01-01
1055,New Zealand,NZD,5.9,1.508068165,2016-01-01
1056,Pakistan,PKR,300.0,104.885,2016-01-01
1057,Peru,PEN,10.0,3.418,2016-01-01
1058,Philippines,PHP,131.0,47.0225,2016-01-01
1059,Poland,PLN,9.6,4.0477,2016-01-01
1060,Portugal,EUR,3.0,0.930232558,2016-01-01
1061,Russia,RUB,114.0,74.655,2016-01-01
1062,Saudi Arabia,SAR,12.0,3.7543,2016-01-01
1063,Singapore,SGD,4.7,1.43725,2016-01-01
1064,Sweden,SEK,45.0,8.60185,2016-01-01
1065,Thailand,THB,112.0,36.22,2016-01-01
1066,Turkey,TRY,10.25,3.0096,2016-01-01
1067,Taiwan,TWD,69.0,33.2315,2016-01-01
1068,Ukraine,UAH,36.0,23.35,2016-01-01
1069,Uruguay,UYU,113.0,30.185,2016-01-01
1070,United States,USD,4.29,1.0,2016-01-01
1071,Venezuela,VEF,132.0,198.6986,2016-01-01
1072,Vietnam,VND,60000.0,22467.5,2016-01-01
1073,South Africa,ZAR,28.0,15.81375,2016-01-01
1074,UAE,AED,13.0,3.6731,2016-07-01
1075,Argentina,ARS,50.0,14.935,2016-07-01
1076,Australia,AUD,5.75,1.335737661,2016-07-01
1077,Austria,EUR,3.6,0.908306463,2016-07-01
1078,Belgium,EUR,3.95,0.908306463,2016-07-01
1079,Brazil,BRL,15.5,3.24145,2016-07-01
1080,Canada,CAD,6.0,1.303,2016-07-01
1081,Switzerland,CHF,6.5,0.9861,2016-07-01
1082,Chile,CLP,2300.0,651.12,2016-07-01
1083,China,CNY,18.6,6.678,2016-07-01
1084,Colombia,COP,8900.0,2929.0,2016-07-01
1085,Costa Rica,CRC,2250.0,546.39,2016-07-01
1086,Czech Republic,CZK,75.0,24.54655,2016-07-01
1087,Germany,EUR,3.79,0.908306463,2016-07-01
1088,Denmark,DKK,30.0,6.75715,2016-07-01
1089,Egypt,EGP,23.0,8.87995,2016-07-01
1090,Spain,EUR,3.5,0.908306463,2016-07-01
1091,Estonia,EUR,3.1,0.908306463,2016-07-01
1092,Euro area,EUR,3.82,0.908306463,2016-07-01
1093,Finland,EUR,4.6,0.908306463,2016-07-01
1094,France,EUR,4.1,0.908306463,2016-07-01
1095,Britain,GBP,2.99,0.758840492,2016-07-01
1096,Greece,EUR,3.35,0.908306463,2016-07-01
1097,Hong Kong,HKD,19.2,7.7554,2016-07-01
1098,Hungary,HUF,900.0,285.6397,2016-07-01
1099,Indonesia,IDR,31000.0,13112.5,2016-07-01
1100,India,INR,162.0,67.2,2016-07-01
1101,Ireland,EUR,4.0,0.908306463,2016-07-01
1102,Israel,ILS,16.9,3.85875,2016-07-01
1103,Italy,EUR,4.2,0.908306463,2016-07-01
1104,Japan,JPY,370.0,106.725,2016-07-01
1105,South Korea,KRW,4400.0,1140.95,2016-07-01
1106,Sri Lanka,LKR,530.0,146.2,2016-07-01
1107,Mexico,MXN,44.0,18.535,2016-07-01
1108,Malaysia,MYR,8.0,4.027,2016-07-01
1109,Netherlands,EUR,3.45,0.908306463,2016-07-01
1110,Norway,NOK,46.8,8.49355,2016-07-01
1111,New Zealand,NZD,6.0,1.421363087,2016-07-01
1112,Pakistan,PKR,375.0,104.82,2016-07-01
1113,Peru,PEN,10.0,3.30585,2016-07-01
1114,Philippines,PHP,133.0,47.115,2016-07-01
1115,Poland,PLN,9.6,3.96565,2016-07-01
1116,Portugal,EUR,3.05,0.908306463,2016-07-01
1117,Russia,RUB,130.0,63.40755,2016-07-01
1118,Saudi Arabia,SAR,12.0,3.7505,2016-07-01
1119,Singapore,SGD,5.45,1.3577,2016-07-01
1120,Sweden,SEK,44.94,8.59485,2016-07-01
1121,Thailand,THB,119.0,34.965,2016-07-01
1122,Turkey,TRY,10.75,3.04305,2016-07-01
1123,Taiwan,TWD,69.0,32.029,2016-07-01
1124,Ukraine,UAH,39.0,24.8,2016-07-01
1125,Uruguay,UYU,123.0,30.165,2016-07-01
1126,United States,USD,4.5,1.0,2016-07-01
1127,Venezuela,VEF,2170.0,641.4001,2016-07-01
1128,Vietnam,VND,60000.0,22300.0,2016-07-01
1129,South Africa,ZAR,30.0,14.27375,2016-07-01
1130,UAE,AED,13.0,3.673,2017-01-01
1131,Argentina,ARS,55.0,15.8575,2017-01-01
1132,Australia,AUD,5.8,1.356668023,2017-01-01
1133,Austria,EUR,3.4,0.955246692,2017-01-01
1134,Belgium,EUR,3.95,0.955246692,2017-01-01
1135,Brazil,BRL,16.5,3.22395,2017-01-01
1136,Canada,CAD,5.98,1.326,2017-01-01
1137,Switzerland,CHF,6.5,1.0236,2017-01-01
1138,Chile,CLP,2450.0,672.805,2017-01-01
1139,China,CNY,19.6,6.9266,2017-01-01
1140,Colombia,COP,9900.0,2994.625,2017-01-01
1141,Costa Rica,CRC,2250.0,554.33,2017-01-01
1142,Czech Republic,CZK,75.0,25.81175,2017-01-01
1143,Germany,EUR,3.79,0.955246692,2017-01-01
1144,Denmark,DKK,30.0,7.10125,2017-01-01
1145,Egypt,EGP,27.49,18.77,2017-01-01
1146,Spain,EUR,3.95,0.955246692,2017-01-01
1147,Estonia,EUR,3.1,0.955246692,2017-01-01
1148,Euro area,EUR,3.88,0.955246692,2017-01-01
1149,Finland,EUR,4.55,0.955246692,2017-01-01
1150,France,EUR,4.1,0.955246692,2017-01-01
1151,Britain,GBP,3.09,0.82877507,2017-01-01
1152,Greece,EUR,3.35,0.955246692,2017-01-01
1153,Hong Kong,HKD,19.2,7.75595,2017-01-01
1154,Hungary,HUF,900.0,294.6172,2017-01-01
1155,Indonesia,IDR,31000.0,13329.0,2017-01-01
1156,India,INR,170.0,68.3275,2017-01-01
1157,Ireland,EUR,4.0,0.955246692,2017-01-01
1158,Israel,ILS,16.9,3.855,2017-01-01
1159,Italy,EUR,4.2,0.955246692,2017-01-01
1160,Japan,JPY,380.0,116.665,2017-01-01
1161,South Korea,KRW,4400.0,1196.45,2017-01-01
1162,Sri Lanka,LKR,550.0,150.06,2017-01-01
1163,Mexico,MXN,49.0,21.9505,2017-01-01
1164,Malaysia,MYR,8.0,4.4715,2017-01-01
1165,Netherlands,EUR,3.61,0.955246692,2017-01-01
1166,Norway,NOK,49.0,8.64835,2017-01-01
1167,New Zealand,NZD,6.0,1.43358899,2017-01-01
1168,Pakistan,PKR,375.0,104.775,2017-01-01
1169,Peru,PEN,11.0,3.3929,2017-01-01
1170,Philippines,PHP,133.0,49.615,2017-01-01
1171,Poland,PLN,9.6,4.17215,2017-01-01
1172,Portugal,EUR,3.05,0.955246692,2017-01-01
1173,Russia,RUB,130.0,60.4375,2017-01-01
1174,Saudi Arabia,SAR,12.0,3.75065,2017-01-01
1175,Singapore,SGD,5.6,1.43875,2017-01-01
1176,Sweden,SEK,48.0,9.12455,2017-01-01
1177,Thailand,THB,119.0,35.573,2017-01-01
1178,Turkey,TRY,10.75,3.91115,2017-01-01
1179,Taiwan,TWD,69.0,31.905,2017-01-01
1180,Ukraine,UAH,42.0,27.235,2017-01-01
1181,Uruguay,UYU,125.0,28.725,2017-01-01
1182,United States,USD,4.5,1.0,2017-01-01
1183,Venezuela,VEF,3550.0,676.6047,2017-01-01
1184,Vietnam,VND,60000.0,22572.0,2017-01-01
1185,South Africa,ZAR,26.32,13.9525,2017-01-01
1186,UAE,AED,14.0,3.673,2017-07-01
1187,Argentina,ARS,70.0,16.9675,2017-07-01
1188,Australia,AUD,5.9,1.303016483,2017-07-01
1189,Austria,EUR,3.4,0.875695083,2017-07-01
1190,Belgium,EUR,4.05,0.875695083,2017-07-01
1191,Brazil,BRL,16.5,3.2343,2017-07-01
1192,Canada,CAD,5.97,1.2823,2017-07-01
1193,Switzerland,CHF,6.5,0.96415,2017-07-01
1194,Chile,CLP,2550.0,663.355,2017-07-01
1195,China,CNY,19.8,6.7875,2017-07-01
1196,Colombia,COP,9900.0,3052.16,2017-07-01
1197,Costa Rica,CRC,2290.0,572.495,2017-07-01
1198,Czech Republic,CZK,75.0,22.8561,2017-07-01
1199,Germany,EUR,3.9,0.875695083,2017-07-01
1200,Denmark,DKK,30.0,6.51255,2017-07-01
1201,Egypt,EGP,31.37,17.885,2017-07-01
1202,Spain,EUR,3.8,0.875695083,2017-07-01
1203,Estonia,EUR,3.15,0.875695083,2017-07-01
1204,Euro area,EUR,3.91,0.875695083,2017-07-01
1205,Finland,EUR,4.56,0.875695083,2017-07-01
1206,France,EUR,4.1,0.875695083,2017-07-01
1207,Britain,GBP,3.19,0.775885479,2017-07-01
1208,Greece,EUR,3.35,0.875695083,2017-07-01
1209,Hong Kong,HKD,19.2,7.8115,2017-07-01
1210,Hungary,HUF,862.0,268.6239,2017-07-01
1211,Indonesia,IDR,32126.0,13369.5,2017-07-01
1212,India,INR,178.0,64.5575,2017-07-01
1213,Ireland,EUR,4.07,0.875695083,2017-07-01
1214,Israel,ILS,16.9,3.5405,2017-07-01
1215,Italy,EUR,4.2,0.875695083,2017-07-01
1216,Japan,JPY,380.0,113.06,2017-07-01
1217,South Korea,KRW,4400.0,1144.65,2017-07-01
1218,Sri Lanka,LKR,580.0,153.725,2017-07-01
1219,Mexico,MXN,49.0,17.79075,2017-07-01
1220,Malaysia,MYR,8.6,4.2935,2017-07-01
1221,Netherlands,EUR,3.61,0.875695083,2017-07-01
1222,Norway,NOK,49.0,8.2852,2017-07-01
1223,New Zealand,NZD,6.1,1.376273053,2017-07-01
1224,Pakistan,PKR,375.0,105.15,2017-07-01
1225,Peru,PEN,10.5,3.2515,2017-07-01
1226,Philippines,PHP,134.0,50.5765,2017-07-01
1227,Poland,PLN,10.1,3.7086,2017-07-01
1228,Portugal,EUR,3.25,0.875695083,2017-07-01
1229,Russia,RUB,137.0,60.1369,2017-07-01
1230,Saudi Arabia,SAR,12.0,3.75015,2017-07-01
1231,Singapore,SGD,5.6,1.3777,2017-07-01
1232,Sweden,SEK,48.97,8.41565,2017-07-01
1233,Thailand,THB,119.0,34.0365,2017-07-01
1234,Turkey,TRY,10.75,3.57605,2017-07-01
1235,Taiwan,TWD,69.0,30.4775,2017-07-01
1236,Ukraine,UAH,44.0,25.915,2017-07-01
1237,Uruguay,UYU,130.0,28.705,2017-07-01
1238,United States,USD,4.5,1.0,2017-07-01
1239,Venezuela,VEF,10950.0,2700.0,2017-07-01
1240,Vietnam,VND,60000.0,22732.5,2017-07-01
1241,South Africa,ZAR,30.0,13.27,2017-07-01
1242,UAE,AED,14.0,3.673,2018-01-01
1243,Argentina,ARS,75.0,18.9375,2018-01-01
1244,Australia,AUD,5.9,1.253682693,2018-01-01
1245,Austria,EUR,3.4,0.816826629,2018-01-01
1246,Belgium,EUR,4.1,0.816826629,2018-01-01
1247,Brazil,BRL,16.5,3.2279,2018-01-01
1248,Canada,CAD,6.55,1.2459,2018-01-01
1249,Switzerland,CHF,6.5,0.96085,2018-01-01
1250,Chile,CLP,2600.0,605.935,2018-01-01
1251,China,CNY,20.4,6.432,2018-01-01
1252,Colombia,COP,10900.0,2844.12,2018-01-01
1253,Costa Rica,CRC,2290.0,568.53,2018-01-01
1254,Czech Republic,CZK,79.0,20.747,2018-01-01
1255,Germany,EUR,3.9,0.816826629,2018-01-01
1256,Denmark,DKK,30.0,6.0827,2018-01-01
1257,Egypt,EGP,34.21,17.7,2018-01-01
1258,Spain,EUR,3.95,0.816826629,2018-01-01
1259,Estonia,EUR,3.15,0.816826629,2018-01-01
1260,Euro area,EUR,3.95,0.816826629,2018-01-01
1261,Finland,EUR,4.56,0.816826629,2018-01-01
1262,France,EUR,4.2,0.816826629,2018-01-01
1263,Britain,GBP,3.19,0.72285673,2018-01-01
1264,Greece,EUR,3.35,0.816826629,2018-01-01
1265,Hong Kong,HKD,20.5,7.819,2018-01-01
1266,Hungary,HUF,864.0,252.14215,2018-01-01
1267,Indonesia,IDR,35750.0,13359.0,2018-01-01
1268,India,INR,180.0,63.86125,2018-01-01
1269,Ireland,EUR,4.07,0.816826629,2018-01-01
1270,Israel,ILS,16.5,3.43635,2018-01-01
1271,Italy,EUR,4.2,0.816826629,2018-01-01
1272,Japan,JPY,380.0,110.725,2018-01-01
1273,South Korea,KRW,4400.0,1069.25,2018-01-01
1274,Sri Lanka,LKR,580.0,153.8,2018-01-01
1275,Mexico,MXN,48.0,18.6635,2018-01-01
1276,Malaysia,MYR,9.0,3.954,2018-01-01
1277,Netherlands,EUR,3.71,0.816826629,2018-01-01
1278,Norway,NOK,49.0,7.8501,2018-01-01
1279,New Zealand,NZD,6.2,1.374664925,2018-01-01
1280,Pakistan,PKR,375.0,110.505,2018-01-01
1281,Peru,PEN,10.5,3.212,2018-01-01
1282,Philippines,PHP,134.0,50.725,2018-01-01
1283,Poland,PLN,10.1,3.40575,2018-01-01
1284,Portugal,EUR,3.2,0.816826629,2018-01-01
1285,Russia,RUB,130.0,56.745,2018-01-01
1286,Saudi Arabia,SAR,12.0,3.7503,2018-01-01
1287,Singapore,SGD,5.8,1.32255,2018-01-01
1288,Sweden,SEK,49.1,8.0188,2018-01-01
1289,Thailand,THB,119.0,31.95,2018-01-01
1290,Turkey,TRY,10.75,3.8026,2018-01-01
1291,Taiwan,TWD,69.0,29.553,2018-01-01
1292,Ukraine,UAH,47.0,28.715,2018-01-01
1293,Uruguay,UYU,140.0,28.58,2018-01-01
1294,United States,USD,4.61,1.0,2018-01-01
1295,Venezuela,VEF,0.0,0.0,2018-01-01
1296,Vietnam,VND,65000.0,22711.5,2018-01-01
1297,South Africa,ZAR,30.0,12.25815,2018-01-01
1298,United Arab Emirates,AED,14.0,3.67315,2018-07-01
1299,Argentina,ARS,75.0,27.725,2018-07-01
1300,Australia,AUD,6.05,1.339853956,2018-07-01
1301,Austria,EUR,3.4,0.853205921,2018-07-01
1302,Azerbaijan,AZN,3.95,1.70175,2018-07-01
1303,Belgium,EUR,4.1,0.853205921,2018-07-01
1304,Bahrain,BHD,1.2,0.37955,2018-07-01
1305,Brazil,BRL,16.9,3.83835,2018-07-01
1306,Canada,CAD,6.65,1.31235,2018-07-01
1307,Switzerland,CHF,6.5,0.99325,2018-07-01
1308,Chile,CLP,2640.0,651.73,2018-07-01
1309,China,CNY,20.5,6.622,2018-07-01
1310,Colombia,COP,11900.0,2874.07,2018-07-01
1311,Costa Rica,CRC,2290.0,567.8,2018-07-01
1312,Czech Republic,CZK,75.0,22.06475,2018-07-01
1313,Germany,EUR,4.12,0.853205921,2018-07-01
1314,Denmark,DKK,30.0,6.3591,2018-07-01
1315,Egypt,EGP,31.37,17.905,2018-07-01
1316,Spain,EUR,4.1,0.853205921,2018-07-01
1317,Estonia,EUR,3.15,0.853205921,2018-07-01
1318,Euro area,EUR,4.04,0.853205921,2018-07-01
1319,Finland,EUR,4.62,0.853205921,2018-07-01
1320,France,EUR,4.2,0.853205921,2018-07-01
1321,Britain,GBP,3.19,0.753863551,2018-07-01
1322,Greece,EUR,3.35,0.853205921,2018-07-01
1323,Guatemala,GTQ,25.0,7.4871,2018-07-01
1324,Hong Kong,HKD,20.0,7.84825,2018-07-01
1325,Honduras,HNL,85.0,23.9926,2018-07-01
1326,Croatia,HRK,21.0,6.31275,2018-07-01
1327,Hungary,HUF,850.0,276.4302,2018-07-01
1328,Indonesia,IDR,31500.0,14360.0,2018-07-01
1329,India,INR,173.0,68.825,2018-07-01
1330,Ireland,EUR,4.07,0.853205921,2018-07-01
1331,Israel,ILS,17.0,3.6349,2018-07-01
1332,Italy,EUR,4.2,0.853205921,2018-07-01
1333,Jordan,JOD,1.95,0.71005,2018-07-01
1334,Japan,JPY,390.0,111.25,2018-07-01
1335,South Korea,KRW,4500.0,1116.0,2018-07-01
1336,Kuwait,KWD,1.05,0.3025,2018-07-01
1337,Lebanon,LBP,6500.0,1511.0,2018-07-01
1338,Sri Lanka,LKR,580.0,159.27,2018-07-01
1339,Lithuania,EUR,2.8,0.853205921,2018-07-01
1340,Latvia,EUR,2.7,0.853205921,2018-07-01
1341,Moldova,MDL,43.0,16.6526,2018-07-01
1342,Mexico,MXN,49.0,19.0515,2018-07-01
1343,Malaysia,MYR,8.45,4.0225,2018-07-01
1344,Nicaragua,NIO,103.0,31.5872,2018-07-01
1345,Netherlands,EUR,3.79,0.853205921,2018-07-01
1346,Norway,NOK,42.0,8.0415,2018-07-01
1347,New Zealand,NZD,6.2,1.464343242,2018-07-01
1348,Oman,OMR,1.05,0.385,2018-07-01
1349,Pakistan,PKR,375.0,121.49,2018-07-01
1350,Peru,PEN,10.5,3.2715,2018-07-01
1351,Philippines,PHP,140.0,53.487,2018-07-01
1352,Poland,PLN,10.1,3.68695,2018-07-01
1353,Portugal,EUR,3.25,0.853205921,2018-07-01
1354,Qatar,QAR,12.0,3.641,2018-07-01
1355,Romania,RON,9.2,3.97325,2018-07-01
1356,Russia,RUB,130.0,62.14065,2018-07-01
1357,Saudi Arabia,SAR,12.0,3.7504,2018-07-01
1358,Singapore,SGD,5.8,1.35585,2018-07-01
1359,Slovakia,EUR,3.0,0.853205921,2018-07-01
1360,Slovenia,EUR,2.3,0.853205921,2018-07-01
1361,Sweden,SEK,51.0,8.7526,2018-07-01
1362,Thailand,THB,119.0,33.17,2018-07-01
1363,Turkey,TRY,10.75,4.70625,2018-07-01
1364,Taiwan,TWD,69.0,30.3725,2018-07-01
1365,Ukraine,UAH,50.0,26.199,2018-07-01
1366,Uruguay,UYU,140.0,31.31,2018-07-01
1367,United States,USD,4.62,1.0,2018-07-01
1368,Vietnam,VND,65000.0,23039.5,2018-07-01
1369,South Africa,ZAR,31.0,13.3619,2018-07-01
1370,United Arab Emirates,AED,14.0,3.67315,2019-01-01
1371,Argentina,ARS,75.0,37.455,2019-01-01
1372,Australia,AUD,6.1,1.401639919,2019-01-01
1373,Austria,EUR,3.76,0.872486149,2019-01-01
1374,Azerbaijan,AZN,3.95,1.6965,2019-01-01
1375,Belgium,EUR,4.2,0.872486149,2019-01-01
1376,Bahrain,BHD,1.2,0.377,2019-01-01
1377,Brazil,BRL,16.9,3.71795,2019-01-01
1378,Canada,CAD,6.77,1.3314,2019-01-01
1379,Switzerland,CHF,6.5,0.98165,2019-01-01
1380,Chile,CLP,2640.0,678.99,2019-01-01
1381,China,CNY,20.9,6.8497,2019-01-01
1382,Colombia,COP,11900.0,3191.5,2019-01-01
1383,Costa Rica,CRC,2290.0,606.975,2019-01-01
1384,Czech Republic,CZK,85.0,22.31165,2019-01-01
1385,Germany,EUR,4.12,0.872486149,2019-01-01
1386,Denmark,DKK,30.0,6.51545,2019-01-01
1387,Egypt,EGP,40.0,17.91,2019-01-01
1388,Spain,EUR,3.95,0.872486149,2019-01-01
1389,Estonia,EUR,3.2,0.872486149,2019-01-01
1390,Euro area,EUR,4.05,0.872486149,2019-01-01
1391,Finland,EUR,4.62,0.872486149,2019-01-01
1392,France,EUR,4.2,0.872486149,2019-01-01
1393,Britain,GBP,3.19,0.78320802,2019-01-01
1394,Greece,EUR,3.35,0.872486149,2019-01-01
1395,Guatemala,GTQ,25.0,7.7283,2019-01-01
1396,Hong Kong,HKD,20.0,7.83435,2019-01-01
1397,Honduras,HNL,85.0,24.3391,2019-01-01
1398,Croatia,HRK,21.0,6.47885,2019-01-01
1399,Hungary,HUF,850.0,280.26875,2019-01-01
1400,Indonesia,IDR,33000.0,14090.0,2019-01-01
1401,India,INR,178.0,69.685,2019-01-01
1402,Ireland,EUR,4.07,0.872486149,2019-01-01
1403,Israel,ILS,17.0,3.70785,2019-01-01
1404,Italy,EUR,4.2,0.872486149,2019-01-01
1405,Jordan,JOD,1.95,0.7096,2019-01-01
1406,Japan,JPY,390.0,108.44,2019-01-01
1407,South Korea,KRW,4500.0,1118.6,2019-01-01
1408,Kuwait,KWD,1.05,0.3031,2019-01-01
1409,Lebanon,LBP,6500.0,1507.0,2019-01-01
1410,Sri Lanka,LKR,580.0,182.245,2019-01-01
1411,Lithuania,EUR,2.85,0.872486149,2019-01-01
1412,Latvia,EUR,2.8,0.872486149,2019-01-01
1413,Moldova,MDL,40.0,17.263,2019-01-01
1414,Mexico,MXN,49.0,19.30875,2019-01-01
1415,Malaysia,MYR,9.05,4.1175,2019-01-01
1416,Nicaragua,NIO,103.0,32.3607,2019-01-01
1417,Netherlands,EUR,4.0,0.872486149,2019-01-01
1418,Norway,NOK,50.0,8.5329,2019-01-01
1419,New Zealand,NZD,6.2,1.479289941,2019-01-01
1420,Oman,OMR,1.05,0.3849,2019-01-01
1421,Pakistan,PKR,460.0,138.88,2019-01-01
1422,Peru,PEN,10.5,3.3485,2019-01-01
1423,Philippines,PHP,140.0,52.3925,2019-01-01
1424,Poland,PLN,10.5,3.74845,2019-01-01
1425,Portugal,EUR,3.25,0.872486149,2019-01-01
1426,Qatar,QAR,12.0,3.64125,2019-01-01
1427,Romania,RON,9.3,4.06695,2019-01-01
1428,Russia,RUB,110.17,66.685,2019-01-01
1429,Saudi Arabia,SAR,12.0,3.75115,2019-01-01
1430,Singapore,SGD,5.8,1.3559,2019-01-01
1431,Slovakia,EUR,3.2,0.872486149,2019-01-01
1432,Slovenia,EUR,2.3,0.872486149,2019-01-01
1433,Sweden,SEK,52.0,8.90625,2019-01-01
1434,Thailand,THB,119.0,32.0075,2019-01-01
1435,Turkey,TRY,10.75,5.3834,2019-01-01
1436,Taiwan,TWD,69.0,30.803,2019-01-01
1437,Ukraine,UAH,54.0,27.8,2019-01-01
1438,Uruguay,UYU,140.0,32.51,2019-01-01
1439,United States,USD,4.71,1.0,2019-01-01
1440,Vietnam,VND,65000.0,23199.0,2019-01-01
1441,South Africa,ZAR,31.0,13.8675,2019-01-01
1442,United Arab Emirates,AED,14.75,3.67315,2019-07-09
1443,Argentina,ARS,120.0,41.8045,2019-07-09
1444,Australia,AUD,6.15,1.443626389,2019-07-09
1445,Austria,EUR,3.81,0.892339267,2019-07-09
1446,Azerbaijan,AZN,3.95,1.6965,2019-07-09
1447,Belgium,EUR,4.2,0.892339267,2019-07-09
1448,Bahrain,BHD,1.4,0.377,2019-07-09
1449,Brazil,BRL,17.5,3.8073,2019-07-09
1450,Canada,CAD,6.77,1.31305,2019-07-09
1451,Switzerland,CHF,6.5,0.99355,2019-07-09
1452,Chile,CLP,2640.0,689.75,2019-07-09
1453,China,CNY,21.0,6.8846,2019-07-09
1454,Colombia,COP,11900.0,3227.0,2019-07-09
1455,Costa Rica,CRC,2290.0,581.935,2019-07-09
1456,Czech Republic,CZK,85.0,22.7993,2019-07-09
1457,Germany,EUR,4.14,0.892339267,2019-07-09
1458,Denmark,DKK,30.0,6.6593,2019-07-09
1459,Egypt,EGP,42.0,16.615,2019-07-09
1460,Spain,EUR,3.95,0.892339267,2019-07-09
1461,Estonia,EUR,3.2,0.892339267,2019-07-09
1462,Euro area,EUR,4.08,0.892339267,2019-07-09
1463,Finland,EUR,4.75,0.892339267,2019-07-09
1464,France,EUR,4.2,0.892339267,2019-07-09
1465,Britain,GBP,3.29,0.802181935,2019-07-09
1466,Greece,EUR,3.3,0.892339267,2019-07-09
1467,Guatemala,GTQ,25.0,7.6802,2019-07-09
1468,Hong Kong,HKD,20.5,7.8105,2019-07-09
1469,Honduras,HNL,86.0,24.4834,2019-07-09
1470,Croatia,HRK,22.0,6.5981,2019-07-09
1471,Hungary,HUF,900.0,290.5412,2019-07-09
1472,Indonesia,IDR,32000.0,14130.0,2019-07-09
1473,India,INR,183.0,68.5544,2019-07-09
1474,Ireland,EUR,4.3,0.892339267,2019-07-09
1475,Israel,ILS,17.0,3.5667,2019-07-09
1476,Italy,EUR,4.3,0.892339267,2019-07-09
1477,Jordan,JOD,2.3,0.709,2019-07-09
1478,Japan,JPY,390.0,108.765,2019-07-09
1479,South Korea,KRW,4500.0,1180.55,2019-07-09
1480,Kuwait,KWD,1.1,0.3045,2019-07-09
1481,Lebanon,LBP,6500.0,1507.0,2019-07-09
1482,Sri Lanka,LKR,640.0,175.675,2019-07-09
1483,Lithuania,EUR,2.85,0.892339267,2019-07-09
1484,Latvia,EUR,2.85,0.892339267,2019-07-09
1485,Moldova,MDL,43.0,17.8142,2019-07-09
1486,Mexico,MXN,50.0,18.89525,2019-07-09
1487,Malaysia,MYR,8.85,4.1425,2019-07-09
1488,Nicaragua,NIO,110.0,33.1621,2019-07-09
1489,Netherlands,EUR,4.06,0.892339267,2019-07-09
1490,Norway,NOK,42.0,8.65275,2019-07-09
1491,New Zealand,NZD,6.4,1.513431706,2019-07-09
1492,Oman,OMR,1.21,0.385,2019-07-09
1493,Pakistan,PKR,480.0,157.45,2019-07-09
1494,Peru,PEN,10.5,3.2868,2019-07-09
1495,Philippines,PHP,142.0,51.3175,2019-07-09
1496,Poland,PLN,10.8,3.80775,2019-07-09
1497,Portugal,EUR,3.25,0.892339267,2019-07-09
1498,Qatar,QAR,13.0,3.64175,2019-07-09
1499,Romania,RON,9.3,4.2192,2019-07-09
1500,Russia,RUB,130.0,63.83875,2019-07-09
1501,Saudi Arabia,SAR,13.0,3.75035,2019-07-09
1502,Singapore,SGD,5.8,1.3613,2019-07-09
1503,Slovakia,EUR,3.2,0.892339267,2019-07-09
1504,Slovenia,EUR,2.4,0.892339267,2019-07-09
1505,Sweden,SEK,51.0,9.47505,2019-07-09
1506,Thailand,THB,119.0,30.8275,2019-07-09
1507,Turkey,TRY,13.99,5.722,2019-07-09
1508,Taiwan,TWD,72.0,31.172,2019-07-09
1509,Ukraine,UAH,57.0,25.6475,2019-07-09
1510,Uruguay,UYU,164.0,35.1695,2019-07-09
1511,United States,USD,4.71,1.0,2019-07-09
1512,Vietnam,VND,65000.0,23231.0,2019-07-09
1513,South Africa,ZAR,31.0,14.175,2019-07-09
1514,United Arab Emirates,AED,14.75,3.67315,2020-01-14
1515,Argentina,ARS,171.0,60.0656,2020-01-14
1516,Australia,AUD,6.45,1.449065353,2020-01-14
1517,Austria,EUR,3.84,0.899159286,2020-01-14
1518,Azerbaijan,AZN,3.95,1.6965,2020-01-14
1519,Belgium,EUR,4.3,0.899159286,2020-01-14
1520,Bahrain,BHD,1.4,0.377,2020-01-14
1521,Brazil,BRL,19.9,4.1419,2020-01-14
1522,Canada,CAD,6.77,1.30655,2020-01-14
1523,Switzerland,CHF,6.5,0.96825,2020-01-14
1524,Chile,CLP,2640.0,772.74,2020-01-14
1525,China,CNY,21.5,6.885,2020-01-14
1526,Colombia,COP,11900.0,3287.625,2020-01-14
1527,Costa Rica,CRC,2350.0,569.965,2020-01-14
1528,Czech Republic,CZK,85.0,22.63095,2020-01-14
1529,Germany,EUR,4.14,0.899159286,2020-01-14
1530,Denmark,DKK,30.0,6.71935,2020-01-14
1531,Egypt,EGP,42.0,15.88,2020-01-14
1532,Spain,EUR,4.2,0.899159286,2020-01-14
1533,Estonia,EUR,3.2,0.899159286,2020-01-14
1534,Euro area,EUR,4.12,0.899159286,2020-01-14
1535,Finland,EUR,4.83,0.899159286,2020-01-14
1536,France,EUR,4.2,0.899159286,2020-01-14
1537,Britain,GBP,3.39,0.76866905,2020-01-14
1538,Greece,EUR,3.3,0.899159286,2020-01-14
1539,Guatemala,GTQ,25.0,7.7063,2020-01-14
1540,Hong Kong,HKD,20.5,7.77535,2020-01-14
1541,Honduras,HNL,87.0,24.6548,2020-01-14
1542,Croatia,HRK,22.0,6.6965,2020-01-14
1543,Hungary,HUF,900.0,298.7502,2020-01-14
1544,Indonesia,IDR,33000.0,13670.0,2020-01-14
1545,India,INR,188.0,70.87815,2020-01-14
1546,Ireland,EUR,4.2,0.899159286,2020-01-14
1547,Israel,ILS,17.0,3.4595,2020-01-14
1548,Italy,EUR,4.3,0.899159286,2020-01-14
1549,Jordan,JOD,2.3,0.709,2020-01-14
1550,Japan,JPY,390.0,110.04,2020-01-14
1551,South Korea,KRW,4500.0,1156.1,2020-01-14
1552,Kuwait,KWD,1.1,0.3034,2020-01-14
1553,Lebanon,LBP,6500.0,1514.0,2020-01-14
1554,Sri Lanka,LKR,580.0,181.45,2020-01-14
1555,Lithuania,EUR,2.85,0.899159286,2020-01-14
1556,Latvia,EUR,2.85,0.899159286,2020-01-14
1557,Moldova,MDL,45.0,17.42,2020-01-14
1558,Mexico,MXN,50.0,18.8205,2020-01-14
1559,Malaysia,MYR,9.5,4.0745,2020-01-14
1560,Nicaragua,NIO,120.0,33.8763,2020-01-14
1561,Netherlands,EUR,4.09,0.899159286,2020-01-14
1562,Norway,NOK,53.0,8.87515,2020-01-14
1563,New Zealand,NZD,6.5,1.513546239,2020-01-14
1564,Oman,OMR,1.155,0.38505,2020-01-14
1565,Pakistan,PKR,520.0,154.875,2020-01-14
1566,Peru,PEN,11.9,3.3276,2020-01-14
1567,Philippines,PHP,142.0,50.58,2020-01-14
1568,Poland,PLN,11.0,3.7966,2020-01-14
1569,Portugal,EUR,3.25,0.899159286,2020-01-14
1570,Qatar,QAR,13.0,3.641,2020-01-14
1571,Romania,RON,9.5,4.2982,2020-01-14
1572,Russia,RUB,135.0,61.4325,2020-01-14
1573,Saudi Arabia,SAR,13.0,3.7518,2020-01-14
1574,Singapore,SGD,5.9,1.34715,2020-01-14
1575,Slovakia,EUR,3.4,0.899159286,2020-01-14
1576,Slovenia,EUR,2.4,0.899159286,2020-01-14
1577,Sweden,SEK,51.5,9.4591,2020-01-14
1578,Thailand,THB,115.0,30.2775,2020-01-14
1579,Turkey,TRY,12.99,5.88025,2020-01-14
1580,Taiwan,TWD,72.0,29.8845,2020-01-14
1581,Ukraine,UAH,57.0,23.99,2020-01-14
1582,Uruguay,UYU,179.0,37.435,2020-01-14
1583,United States,USD,4.82,1.0,2020-01-14
1584,Vietnam,VND,66000.0,23176.0,2020-01-14
1585,South Africa,ZAR,31.0,14.391,2020-01-14
1586,United Arab Emirates,AED,14.75,3.67295,2020-07-01
1587,Argentina,ARS,250.0,71.24065,2020-07-01
1588,Australia,AUD,6.55,1.430615165,2020-07-01
1589,Austria,EUR,3.86,0.879623521,2020-07-01
1590,Azerbaijan,AZN,3.95,1.699,2020-07-01
1591,Belgium,EUR,4.35,0.879623521,2020-07-01
1592,Bahrain,BHD,1.4,0.37705,2020-07-01
1593,Brazil,BRL,20.9,5.34045,2020-07-01
1594,Canada,CAD,6.88,1.3552,2020-07-01
1595,Switzerland,CHF,6.5,0.94125,2020-07-01
1596,Chile,CLP,2740.0,787.7,2020-07-01
1597,China,CNY,21.7,7.0035,2020-07-01
1598,Colombia,COP,11900.0,3617.01,2020-07-01
1599,Costa Rica,CRC,2350.0,581.825,2020-07-01
1600,Czech Republic,CZK,89.0,23.4134,2020-07-01
1601,Germany,EUR,4.45,0.879623521,2020-07-01
1602,Denmark,DKK,30.0,6.54935,2020-07-01
1603,Egypt,EGP,42.0,15.95,2020-07-01
1604,Spain,EUR,4.1,0.879623521,2020-07-01
1605,Estonia,EUR,3.2,0.879623521,2020-07-01
1606,Euro area,EUR,4.21,0.879623521,2020-07-01
1607,Finland,EUR,4.88,0.879623521,2020-07-01
1608,France,EUR,4.2,0.879623521,2020-07-01
1609,Britain,GBP,3.39,0.79255003,2020-07-01
1610,Greece,EUR,3.3,0.879623521,2020-07-01
1611,Guatemala,GTQ,25.0,7.693,2020-07-01
1612,Hong Kong,HKD,20.5,7.75095,2020-07-01
1613,Honduras,HNL,87.0,24.6907,2020-07-01
1614,Croatia,HRK,22.0,6.6272,2020-07-01
1615,Hungary,HUF,900.0,311.37795,2020-07-01
1616,Indonesia,IDR,34000.0,14435.0,2020-07-01
1617,India,INR,190.0,75.1975,2020-07-01
1618,Ireland,EUR,4.3,0.879623521,2020-07-01
1619,Israel,ILS,17.0,3.4367,2020-07-01
1620,Italy,EUR,4.3,0.879623521,2020-07-01
1621,Jordan,JOD,2.3,0.709,2020-07-01
1622,Japan,JPY,390.0,107.275,2020-07-01
1623,South Korea,KRW,4500.0,1200.95,2020-07-01
1624,Kuwait,KWD,1.15,0.3078,2020-07-01
1625,Lebanon,LBP,9000.0,1512.0,2020-07-01
1626,Sri Lanka,LKR,680.0,185.85,2020-07-01
1627,Lithuania,EUR,2.85,0.879623521,2020-07-01
1628,Latvia,EUR,2.85,0.879623521,2020-07-01
1629,Moldova,MDL,47.0,17.075,2020-07-01
1630,Mexico,MXN,50.0,22.436,2020-07-01
1631,Malaysia,MYR,9.99,4.2655,2020-07-01
1632,Nicaragua,NIO,120.0,34.3752,2020-07-01
1633,Netherlands,EUR,4.09,0.879623521,2020-07-01
1634,Norway,NOK,52.0,9.37105,2020-07-01
1635,New Zealand,NZD,6.6,1.51779616,2020-07-01
1636,Oman,OMR,1.1,0.385,2020-07-01
1637,Pakistan,PKR,550.0,166.5,2020-07-01
1638,Peru,PEN,11.9,3.4973,2020-07-01
1639,Philippines,PHP,142.0,49.426,2020-07-01
1640,Poland,PLN,11.0,3.94345,2020-07-01
1641,Portugal,EUR,3.45,0.879623521,2020-07-01
1642,Qatar,QAR,13.0,3.641,2020-07-01
1643,Romania,RON,9.9,4.26005,2020-07-01
1644,Russia,RUB,135.0,70.585,2020-07-01
1645,Saudi Arabia,SAR,14.0,3.75105,2020-07-01
1646,Singapore,SGD,5.9,1.3876,2020-07-01
1647,Slovakia,EUR,3.6,0.879623521,2020-07-01
1648,Slovenia,EUR,2.5,0.879623521,2020-07-01
1649,Sweden,SEK,52.6,9.1384,2020-07-01
1650,Thailand,THB,128.0,31.385,2020-07-01
1651,Turkey,TRY,13.99,6.8595,2020-07-01
1652,Taiwan,TWD,72.0,29.4565,2020-07-01
1653,Ukraine,UAH,59.0,27.13,2020-07-01
1654,Uruguay,UYU,189.0,43.675,2020-07-01
1655,United States,USD,4.82,1.0,2020-07-01
1656,Vietnam,VND,66000.0,23180.0,2020-07-01
1657,South Africa,ZAR,31.0,16.6725,2020-07-01
1658,United Arab Emirates,AED,14.75,3.67315,2021-01-01
1659,Argentina,ARS,320.0,85.3736,2021-01-01
1660,Australia,AUD,6.48,1.299967501,2021-01-01
1661,Austria,EUR,3.88,0.823011399,2021-01-01
1662,Azerbaijan,AZN,3.95,1.699,2021-01-01
1663,Belgium,EUR,4.35,0.823011399,2021-01-01
1664,Bahrain,BHD,1.5,0.377,2021-01-01
1665,Brazil,BRL,21.9,5.5046,2021-01-01
1666,Canada,CAD,6.77,1.2803,2021-01-01
1667,Switzerland,CHF,6.5,0.89155,2021-01-01
1668,Chile,CLP,2940.0,719.425,2021-01-01
1669,China,CNY,22.4,6.4751,2021-01-01
1670,Colombia,COP,12950.0,3460.5,2021-01-01
1671,Costa Rica,CRC,2350.0,613.77,2021-01-01
1672,Czech Republic,CZK,89.0,21.5909,2021-01-01
1673,Germany,EUR,4.46,0.823011399,2021-01-01
1674,Denmark,DKK,30.0,6.12065,2021-01-01
1675,Egypt,EGP,42.5,15.64,2021-01-01
1676,Spain,EUR,4.33,0.823011399,2021-01-01
1677,Estonia,EUR,3.2,0.823011399,2021-01-01
1678,Euro area,EUR,4.25,0.823011399,2021-01-01
1679,Finland,EUR,4.87,0.823011399,2021-01-01
1680,France,EUR,4.2,0.823011399,2021-01-01
1681,Britain,GBP,3.29,0.74137228,2021-01-01
1682,Greece,EUR,3.3,0.823011399,2021-01-01
1683,Guatemala,GTQ,25.0,7.8009,2021-01-01
1684,Hong Kong,HKD,20.5,7.75535,2021-01-01
1685,Honduras,HNL,87.0,24.103,2021-01-01
1686,Croatia,HRK,23.0,6.23875,2021-01-01
1687,Hungary,HUF,900.0,297.42395,2021-01-01
1688,Indonesia,IDR,34000.0,14125.0,2021-01-01
1689,India,INR,190.0,73.39,2021-01-01
1690,Ireland,EUR,4.4,0.823011399,2021-01-01
1691,Israel,ILS,17.0,3.179,2021-01-01
1692,Italy,EUR,4.3,0.823011399,2021-01-01
1693,Jordan,JOD,2.3,0.709,2021-01-01
1694,Japan,JPY,390.0,104.295,2021-01-01
1695,South Korea,KRW,4500.0,1097.35,2021-01-01
1696,Kuwait,KWD,1.15,0.3037,2021-01-01
1697,Lebanon,LBP,15500.0,8750.0,2021-01-01
1698,Sri Lanka,LKR,700.0,189.0,2021-01-01
1699,Lithuania,EUR,2.9,0.823011399,2021-01-01
1700,Latvia,EUR,2.85,0.823011399,2021-01-01
1701,Moldova,MDL,50.0,17.225,2021-01-01
1702,Mexico,MXN,54.0,20.11475,2021-01-01
1703,Malaysia,MYR,9.99,4.052,2021-01-01
1704,Nicaragua,NIO,124.0,34.8453,2021-01-01
1705,Netherlands,EUR,4.13,0.823011399,2021-01-01
1706,Norway,NOK,52.0,8.5439,2021-01-01
1707,New Zealand,NZD,6.8,1.395089286,2021-01-01
1708,Oman,OMR,1.1,0.385,2021-01-01
1709,Pakistan,PKR,550.0,160.35,2021-01-01
1710,Peru,PEN,11.9,3.6207,2021-01-01
1711,Philippines,PHP,142.0,48.0925,2021-01-01
1712,Poland,PLN,13.08,3.7226,2021-01-01
1713,Portugal,EUR,3.45,0.823011399,2021-01-01
1714,Qatar,QAR,13.0,3.641,2021-01-01
1715,Romania,RON,9.9,4.0089,2021-01-01
1716,Russia,RUB,135.0,74.63,2021-01-01
1717,Saudi Arabia,SAR,14.0,3.7518,2021-01-01
1718,Singapore,SGD,5.9,1.3308,2021-01-01
1719,Slovakia,EUR,3.7,0.823011399,2021-01-01
1720,Slovenia,EUR,2.5,0.823011399,2021-01-01
1721,Sweden,SEK,52.88,8.29525,2021-01-01
1722,Thailand,THB,128.0,30.13,2021-01-01
1723,Turkey,TRY,14.99,7.4705,2021-01-01
1724,Taiwan,TWD,72.0,27.98,2021-01-01
1725,Ukraine,UAH,62.0,28.14,2021-01-01
1726,Uruguay,UYU,204.0,42.495,2021-01-01
1727,United States,USD,4.89,1.0,2021-01-01
1728,Vietnam,VND,66000.0,23064.0,2021-01-01
1729,South Africa,ZAR,33.5,15.5225,2021-01-01
1730,United Arab Emirates,AED,14.75,3.67315,2021-07-01
1731,Argentina,ARS,380.0,96.33375,2021-07-01
1732,Australia,AUD,6.55,1.366586949,2021-07-01
1733,Austria,EUR,3.92,0.850159405,2021-07-01
1734,Azerbaijan,AZN,3.95,1.699,2021-07-01
1735,Belgium,EUR,4.45,0.850159405,2021-07-01
1736,Bahrain,BHD,1.5,0.377,2021-07-01
1737,Brazil,BRL,22.9,5.24865,2021-07-01
1738,Canada,CAD,6.77,1.2741,2021-07-01
1739,Switzerland,CHF,6.5,0.92275,2021-07-01
1740,Chile,CLP,2990.0,759.285,2021-07-01
1741,China,CNY,22.4,6.4797,2021-07-01
1742,Colombia,COP,12950.0,3842.11,2021-07-01
1743,Costa Rica,CRC,2370.0,617.74,2021-07-01
1744,Czech Republic,CZK,89.0,21.80065,2021-07-01
1745,Germany,EUR,4.45,0.850159405,2021-07-01
1746,Denmark,DKK,30.0,6.3239,2021-07-01
1747,Egypt,EGP,42.5,15.67,2021-07-01
1748,Spain,EUR,4.4,0.850159405,2021-07-01
1749,Estonia,EUR,3.2,0.850159405,2021-07-01
1750,Euro area,EUR,4.29,0.850159405,2021-07-01
1751,Finland,EUR,4.89,0.850159405,2021-07-01
1752,France,EUR,4.3,0.850159405,2021-07-01
1753,Britain,GBP,3.49,0.734672887,2021-07-01
1754,Greece,EUR,3.3,0.850159405,2021-07-01
1755,Guatemala,GTQ,26.0,7.7448,2021-07-01
1756,Hong Kong,HKD,21.0,7.7729,2021-07-01
1757,Honduras,HNL,87.0,23.744,2021-07-01
1758,Croatia,HRK,24.0,6.39805,2021-07-01
1759,Hungary,HUF,908.0,305.64505,2021-07-01
1760,Indonesia,IDR,34000.0,14517.5,2021-07-01
1761,India,INR,190.0,74.615,2021-07-01
1762,Ireland,EUR,4.5,0.850159405,2021-07-01
1763,Israel,ILS,17.0,3.29205,2021-07-01
1764,Italy,EUR,4.3,0.850159405,2021-07-01
1765,Jordan,JOD,2.13,0.709,2021-07-01
1766,Japan,JPY,390.0,109.935,2021-07-01
1767,South Korea,KRW,4600.0,1150.35,2021-07-01
1768,Kuwait,KWD,1.25,0.3008,2021-07-01
1769,Lebanon,LBP,37000.0,22000.0,2021-07-01
1770,Sri Lanka,LKR,700.0,199.5,2021-07-01
1771,Lithuania,EUR,2.9,0.850159405,2021-07-01
1772,Latvia,EUR,2.85,0.850159405,2021-07-01
1773,Moldova,MDL,52.0,17.98,2021-07-01
1774,Mexico,MXN,64.0,20.13525,2021-07-01
1775,Malaysia,MYR,9.99,4.2245,2021-07-01
1776,Nicaragua,NIO,128.0,35.2063,2021-07-01
1777,Netherlands,EUR,4.22,0.850159405,2021-07-01
1778,Norway,NOK,57.0,9.0444,2021-07-01
1779,New Zealand,NZD,6.9,1.448750453,2021-07-01
1780,Oman,OMR,1.15,0.38505,2021-07-01
1781,Pakistan,PKR,580.0,161.1,2021-07-01
1782,Peru,PEN,12.9,3.9511,2021-07-01
1783,Philippines,PHP,142.0,50.35,2021-07-01
1784,Poland,PLN,13.43,3.90685,2021-07-01
1785,Portugal,EUR,3.45,0.850159405,2021-07-01
1786,Qatar,QAR,13.0,3.641,2021-07-01
1787,Romania,RON,10.6,4.1877,2021-07-01
1788,Russia,RUB,135.0,74.53,2021-07-01
1789,Saudi Arabia,SAR,14.0,3.7507,2021-07-01
1790,Singapore,SGD,5.9,1.36825,2021-07-01
1791,Slovakia,EUR,3.7,0.850159405,2021-07-01
1792,Slovenia,EUR,2.6,0.850159405,2021-07-01
1793,Sweden,SEK,54.0,8.7165,2021-07-01
1794,Thailand,THB,128.0,32.81,2021-07-01
1795,Turkey,TRY,19.99,8.55725,2021-07-01
1796,Taiwan,TWD,72.0,28.0475,2021-07-01
1797,Ukraine,UAH,65.0,27.22,2021-07-01
1798,Uruguay,UYU,225.0,44.0,2021-07-01
1799,United States,USD,4.93,1.0,2021-07-01
1800,Venezuela,VES,16020000.0,3613989.071,2021-07-01
1801,Vietnam,VND,69000.0,23028.5,2021-07-01
1802,South Africa,ZAR,33.5,14.6625,2021-07-01
1803,United Arab Emirates,AED,17.0,3.67305,2022-01-01
1804,Argentina,ARS,450.0,105.0165,2022-01-01
1805,Australia,AUD,6.4,1.419345682,2022-01-01
1806,Austria,EUR,3.8,0.89206066,2022-01-01
1807,Azerbaijan,AZN,4.5,1.699,2022-01-01
1808,Belgium,EUR,4.55,0.89206066,2022-01-01
1809,Bahrain,BHD,1.5,0.377,2022-01-01
1810,Brazil,BRL,22.9,5.31,2022-01-01
1811,Canada,CAD,6.77,1.2718,2022-01-01
1812,Switzerland,CHF,6.5,0.93105,2022-01-01
1813,Chile,CLP,3100.0,798.6,2022-01-01
1814,China,CNY,24.4,6.36535,2022-01-01
1815,Colombia,COP,12950.0,3941.995,2022-01-01
1816,Costa Rica,CRC,2650.0,642.585,2022-01-01
1817,Czech Republic,CZK,89.0,21.6802,2022-01-01
1818,Germany,EUR,4.46,0.89206066,2022-01-01
1819,Denmark,DKK,32.0,6.6373,2022-01-01
1820,Egypt,EGP,42.5,15.71,2022-01-01
1821,Spain,EUR,4.58,0.89206066,2022-01-01
1822,Estonia,EUR,3.4,0.89206066,2022-01-01
1823,Euro area,EUR,4.42,0.89206066,2022-01-01
1824,Finland,EUR,4.95,0.89206066,2022-01-01
1825,France,EUR,4.35,0.89206066,2022-01-01
1826,Britain,GBP,3.59,0.745350874,2022-01-01
1827,Greece,EUR,3.4,0.89206066,2022-01-01
1828,Guatemala,GTQ,26.0,7.6898,2022-01-01
1829,Hong Kong,HKD,22.0,7.79755,2022-01-01
1830,Honduras,HNL,89.0,24.61415,2022-01-01
1831,Croatia,HRK,23.67,6.715,2022-01-01
1832,Hungary,HUF,982.0,317.51115,2022-01-01
1833,Indonesia,IDR,34000.0,14382.0,2022-01-01
1834,India,INR,190.0,74.6225,2022-01-01
1835,Ireland,EUR,4.6,0.89206066,2022-01-01
1836,Israel,ILS,17.0,3.17775,2022-01-01
1837,Italy,EUR,4.8,0.89206066,2022-01-01
1838,Jordan,JOD,2.12,0.709,2022-01-01
1839,Japan,JPY,390.0,115.225,2022-01-01
1840,South Korea,KRW,4600.0,1205.5,2022-01-01
1841,Kuwait,KWD,1.25,0.3029,2022-01-01
1842,Lebanon,LBP,70000.0,21500.0,2022-01-01
1843,Sri Lanka,LKR,840.0,202.41,2022-01-01
1844,Lithuania,EUR,2.9,0.89206066,2022-01-01
1845,Latvia,EUR,2.85,0.89206066,2022-01-01
1846,Moldova,MDL,52.0,18.0,2022-01-01
1847,Mexico,MXN,69.0,20.649,2022-01-01
1848,Malaysia,MYR,9.99,4.1855,2022-01-01
1849,Nicaragua,NIO,134.0,35.455,2022-01-01
1850,Netherlands,EUR,4.4,0.89206066,2022-01-01
1851,Norway,NOK,57.0,8.91605,2022-01-01
1852,New Zealand,NZD,7.0,1.52264941,2022-01-01
1853,Oman,OMR,1.15,0.385,2022-01-01
1854,Pakistan,PKR,590.0,176.52,2022-01-01
1855,Peru,PEN,12.9,3.83735,2022-01-01
1856,Philippines,PHP,142.0,50.975,2022-01-01
1857,Poland,PLN,14.08,4.094,2022-01-01
1858,Portugal,EUR,3.45,0.89206066,2022-01-01
1859,Qatar,QAR,13.0,3.641,2022-01-01
1860,Romania,RON,10.6,4.4119,2022-01-01
1861,Russia,RUB,135.0,77.4175,2022-01-01
1862,Saudi Arabia,SAR,15.0,3.7519,2022-01-01
1863,Singapore,SGD,5.9,1.35215,2022-01-01
1864,Slovakia,EUR,3.8,0.89206066,2022-01-01
1865,Slovenia,EUR,2.8,0.89206066,2022-01-01
1866,Sweden,SEK,54.0,9.3341,2022-01-01
1867,Thailand,THB,128.0,33.295,2022-01-01
1868,Turkey,TRY,24.99,13.4155,2022-01-01
1869,Taiwan,TWD,75.0,27.814,2022-01-01
1870,Ukraine,UAH,69.0,28.3673,2022-01-01
1871,Uruguay,UYU,239.0,44.0355,2022-01-01
1872,United States,USD,5.04,1.0,2022-01-01
1873,Venezuela,VES,23.0,4.5435,2022-01-01
1874,Vietnam,VND,69000.0,22650.0,2022-01-01
1875,South Africa,ZAR,39.9,15.47,2022-01-01
1876,United Arab Emirates,AED,18.0,3.67305,2022-07-01
1877,Argentina,ARS,590.0,129.115,2022-07-01
1878,Australia,AUD,6.7,1.44843568945539,2022-07-01
1879,Austria,EUR,4.35,0.975849999999997,2022-07-01
1880,Azerbaijan,AZN,4.7,1.69825,2022-07-01
1881,Belgium,EUR,4.6,0.975849999999997,2022-07-01
1882,Bahrain,BHD,1.6,0.377,2022-07-01
1883,Brazil,BRL,22.9,5.39175,2022-07-01
1884,Canada,CAD,5.88,1.28915,2022-07-01
1885,Switzerland,CHF,6.5,0.96845,2022-07-01
1886,Chile,CLP,3400.0,928.435,2022-07-01
1887,China,CNY,24.0,6.74735,2022-07-01
1888,Colombia,COP,14950.0,4295.1,2022-07-01
1889,Costa Rica,CRC,2650.0,678.105,2022-07-01
1890,Czech Republic,CZK,95.0,23.92,2022-07-01
1891,Germany,EUR,4.58,0.975849999999997,2022-07-01
1892,Egypt,EGP,46.0,18.945,2022-07-01
1893,Spain,EUR,4.58,0.975849999999997,2022-07-01
1894,Estonia,EUR,3.4,0.975849999999997,2022-07-01
1895,Euro area,EUR,4.65,0.975849999999997,2022-07-01
1896,Finland,EUR,5.25,0.975849999999997,2022-07-01
1897,France,EUR,4.7,0.975849999999997,2022-07-01
1898,Britain,GBP,3.69,0.831079999999998,2022-07-01
1899,Greece,EUR,4.0,0.975849999999997,2022-07-01
1900,Guatemala,GTQ,26.0,7.7279,2022-07-01
1901,Hong Kong,HKD,21.0,7.84995,2022-07-01
1902,Honduras,HNL,89.0,24.615,2022-07-01
1903,Croatia,HRK,27.0,7.32845,2022-07-01
1904,Hungary,HUF,1030.0,389.04615,2022-07-01
1905,Indonesia,IDR,35000.0,14977.5,2022-07-01
1906,India,INR,191.0,79.9513,2022-07-01
1907,Ireland,EUR,5.0,0.975849999999997,2022-07-01
1908,Israel,ILS,17.0,3.43745,2022-07-01
1909,Italy,EUR,5.1,0.975849999999997,2022-07-01
1910,Jordan,JOD,2.3,0.71015,2022-07-01
1911,Japan,JPY,390.0,137.865,2022-07-01
1912,South Korea,KRW,4600.0,1313.45,2022-07-01
1913,Kuwait,KWD,1.3,0.3074,2022-07-01
1914,Lebanon,LBP,130000.0,25600.0,2022-07-01
1915,Sri Lanka,LKR,1340.0,360.0,2022-07-01
1916,Lithuania,EUR,3.05,0.975849999999997,2022-07-01
1917,Latvia,EUR,3.0,0.975849999999997,2022-07-01
1918,Moldova,MDL,60.0,19.298,2022-07-01
1919,Mexico,MXN,70.0,20.4125,2022-07-01
1920,Malaysia,MYR,10.9,4.45,2022-07-01
1921,Nicaragua,NIO,139.0,35.89,2022-07-01
1922,Netherlands,EUR,4.5,0.975849999999997,2022-07-01
1923,Norway,NOK,62.0,9.89765,2022-07-01
1924,New Zealand,NZD,7.1,1.60372063186593,2022-07-01
1925,Oman,OMR,1.42,0.385,2022-07-01
1926,Pakistan,PKR,700.0,221.75,2022-07-01
1927,Peru,PEN,13.9,3.89285,2022-07-01
1928,Philippines,PHP,155.0,56.265,2022-07-01
1929,Poland,PLN,16.68,4.64845,2022-07-01
1930,Portugal,EUR,4.0,0.975849999999997,2022-07-01
1931,Qatar,QAR,13.0,3.64175,2022-07-01
1932,Romania,RON,11.0,4.82175,2022-07-01
1933,Saudi Arabia,SAR,17.0,3.755,2022-07-01
1934,Singapore,SGD,5.9,1.3914,2022-07-01
1935,Slovakia,EUR,3.9,0.975849999999997,2022-07-01
1936,Slovenia,EUR,3.2,0.975849999999997,2022-07-01
1937,Sweden,SEK,57.0,10.19785,2022-07-01
1938,Thailand,THB,128.0,36.6125,2022-07-01
1939,Turkey,TRY,47.0,17.565,2022-07-01
1940,Taiwan,TWD,75.0,29.9075,2022-07-01
1941,Uruguay,UYU,255.0,41.91,2022-07-01
1942,United States,USD,5.15,1.0,2022-07-01
1943,Venezuela,VES,10.0,5.6732,2022-07-01
1944,Vietnam,VND,69000.0,23417.0,2022-07-01
1945,South Africa,ZAR,39.9,17.03625,2022-07-01
1946,United Arab Emirates,AED,18.0,3.673,2023-01-01
1947,Argentina,ARS,980.0,184.69875,2023-01-01
1948,Australia,AUD,7.25,1.41854032200865,2023-01-01
1949,Austria,EUR,4.48,0.9195,2023-01-01
1950,Azerbaijan,AZN,4.9,1.7025,2023-01-01
1951,Belgium,EUR,4.6,0.9195,2023-01-01
1952,Bahrain,BHD,1.7,0.377,2023-01-01
1953,Brazil,BRL,22.9,5.1581,2023-01-01
1954,Canada,CAD,6.11,1.33595,2023-01-01
1955,Switzerland,CHF,6.7,0.92315,2023-01-01
1956,Chile,CLP,3800.0,800.425,2023-01-01
1957,China,CNY,24.0,6.78405,2023-01-01
1958,Colombia,COP,18900.0,4545.55,2023-01-01
1959,Costa Rica,CRC,2800.0,564.07,2023-01-01
1960,Czech Republic,CZK,99.0,21.94565,2023-01-01
1961,Germany,EUR,4.76,0.9195,2023-01-01
1962,Denmark,DKK,37.0,6.8401,2023-01-01
1963,Egypt,EGP,55.0,29.845,2023-01-01
1964,Spain,EUR,4.85,0.9195,2023-01-01
1965,Estonia,EUR,3.8,0.9195,2023-01-01
1966,Euro area,EUR,4.81,0.9195,2023-01-01
1967,Finland,EUR,5.35,0.9195,2023-01-01
1968,France,EUR,5.0,0.9195,2023-01-01
1969,Britain,GBP,3.79,0.81205,2023-01-01
1970,Greece,EUR,4.55,0.9195,2023-01-01
1971,Guatemala,GTQ,27.0,7.8438,2023-01-01
1972,Hong Kong,HKD,21.0,7.8307,2023-01-01
1973,Honduras,HNL,100.0,24.7,2023-01-01
1974,Hungary,HUF,1350.0,359.4686,2023-01-01
1975,Indonesia,IDR,35000.0,14887.5,2023-01-01
1976,India,INR,207.0,81.715,2023-01-01
1977,Ireland,EUR,4.9,0.9195,2023-01-01
1978,Israel,ILS,17.0,3.36365,2023-01-01
1979,Italy,EUR,5.2,0.9195,2023-01-01
1980,Jordan,JOD,2.5,0.71005,2023-01-01
1981,Japan,JPY,410.0,130.1,2023-01-01
1982,South Korea,KRW,4900.0,1235.45,2023-01-01
1983,Kuwait,KWD,1.9,0.30535,2023-01-01
1984,Lebanon,LBP,170000.0,38000.0,2023-01-01
1985,Sri Lanka,LKR,1820.0,364.655,2023-01-01
1986,Lithuania,EUR,3.35,0.9195,2023-01-01
1987,Latvia,EUR,3.4,0.9195,2023-01-01
1988,Moldova,MDL,60.0,18.8411,2023-01-01
1989,Mexico,MXN,79.0,18.838,2023-01-01
1990,Malaysia,MYR,12.9,4.2855,2023-01-01
1991,Nicaragua,NIO,154.0,36.45,2023-01-01
1992,Netherlands,EUR,4.88,0.9195,2023-01-01
1993,Norway,NOK,65.0,9.86415,2023-01-01
1994,New Zealand,NZD,7.5,1.53787004998078,2023-01-01
1995,Oman,OMR,1.42,0.385,2023-01-01
1996,Pakistan,PKR,780.0,230.2,2023-01-01
1997,Peru,PEN,13.9,3.8847,2023-01-01
1998,Philippines,PHP,155.0,54.435,2023-01-01
1999,Poland,PLN,17.75,4.3373,2023-01-01
2000,Portugal,EUR,4.4,0.9195,2023-01-01
2001,Qatar,QAR,14.0,3.64175,2023-01-01
2002,Romania,RON,12.3,4.51885,2023-01-01
2003,Saudi Arabia,SAR,19.0,3.7545,2023-01-01
2004,Singapore,SGD,5.9,1.32015,2023-01-01
2005,Slovakia,EUR,4.0,0.9195,2023-01-01
2006,Slovenia,EUR,3.5,0.9195,2023-01-01
2007,Sweden,SEK,57.4,10.2154,2023-01-01
2008,Thailand,THB,128.0,32.8225,2023-01-01
2009,Turkey,TRY,75.0,18.8055,2023-01-01
2010,Taiwan,TWD,75.0,30.369,2023-01-01
2011,Ukraine,UAH,92.0,36.917,2023-01-01
2012,Uruguay,UYU,268.0,39.125,2023-01-01
2013,United States,USD,5.36,1.0,2023-01-01
2014,Venezuela,VES,56.3,20.7081,2023-01-01
2015,Vietnam,VND,72000.0,23450.0,2023-01-01
2016,South Africa,ZAR,49.9,17.21,2023-01-01
2017,United Arab Emirates,AED,18.0,3.67305,2023-07-01
2018,Argentina,ARS,1650.0,275.275,2023-07-01
2019,Australia,AUD,7.45,1.48400979446464,2023-07-01
2020,Austria,EUR,4.81,0.90699,2023-07-01
2021,Azerbaijan,AZN,5.95,1.7025,2023-07-01
2022,Belgium,EUR,4.9,0.90699,2023-07-01
2023,Bahrain,BHD,1.7,0.37695,2023-07-01
2024,Brazil,BRL,22.9,4.75705,2023-07-01
2025,Canada,CAD,7.05,1.31625,2023-07-01
2026,Switzerland,CHF,6.7,0.86685,2023-07-01
2027,Chile,CLP,3900.0,839.505,2023-07-01
2028,China,CNY,25.0,7.14355,2023-07-01
2029,Colombia,COP,18900.0,3882.915,2023-07-01
2030,Costa Rica,CRC,2950.0,544.875,2023-07-01
2031,Czech Republic,CZK,105.0,21.6516,2023-07-01
2032,Germany,EUR,5.34,0.90699,2023-07-01
2033,Denmark,DKK,38.2,6.7593,2023-07-01
2034,Egypt,EGP,81.0,30.925,2023-07-01
2035,Spain,EUR,5.2,0.90699,2023-07-01
2036,Estonia,EUR,4.45,0.90699,2023-07-01
2037,Euro area,EUR,5.28,0.90699,2023-07-01
2038,Finland,EUR,5.95,0.90699,2023-07-01
2039,France,EUR,5.3,0.90699,2023-07-01
2040,Britain,GBP,4.19,0.77721,2023-07-01
2041,Greece,EUR,4.7,0.90699,2023-07-01
2042,Guatemala,GTQ,29.0,7.8689,2023-07-01
2043,Hong Kong,HKD,23.0,7.7987,2023-07-01
2044,Honduras,HNL,102.0,24.62,2023-07-01
2045,Croatia,EUR,4.09,0.90699,2023-07-01
2046,Hungary,HUF,1400.0,351.0725,2023-07-01
2047,Indonesia,IDR,38000.0,15080.0,2023-07-01
2048,India,INR,209.0,82.2488,2023-07-01
2049,Ireland,EUR,5.1,0.90699,2023-07-01
2050,Israel,ILS,17.0,3.66365,2023-07-01
2051,Italy,EUR,5.8,0.90699,2023-07-01
2052,Jordan,JOD,2.5,0.70895,2023-07-01
2053,Japan,JPY,450.0,142.08,2023-07-01
2054,South Korea,KRW,5200.0,1274.65,2023-07-01
2055,Kuwait,KWD,1.4,0.3071,2023-07-01
2056,Lebanon,LBP,430000.0,85500.0,2023-07-01
2057,Sri Lanka,LKR,1820.0,327.5,2023-07-01
2058,Lithuania,EUR,3.85,0.90699,2023-07-01
2059,Latvia,EUR,3.7,0.90699,2023-07-01
2060,Moldova,MDL,63.0,17.665,2023-07-01
2061,Mexico,MXN,89.0,16.7025,2023-07-01
2062,Malaysia,MYR,13.15,4.509,2023-07-01
2063,Nicaragua,NIO,159.0,36.55,2023-07-01
2064,Netherlands,EUR,5.33,0.90699,2023-07-01
2065,Norway,NOK,70.0,10.1165,2023-07-01
2066,New Zealand,NZD,8.1,1.60681288663935,2023-07-01
2067,Oman,OMR,1.42,0.38505,2023-07-01
2068,Pakistan,PKR,985.0,286.25,2023-07-01
2069,Peru,PEN,14.9,3.60375,2023-07-01
2070,Philippines,PHP,155.0,54.925,2023-07-01
2071,Poland,PLN,19.9,3.9946,2023-07-01
2072,Portugal,EUR,4.9,0.90699,2023-07-01
2073,Qatar,QAR,14.0,3.64,2023-07-01
2074,Romania,RON,14.5,4.4761,2023-07-01
2075,Saudi Arabia,SAR,19.0,3.7516,2023-07-01
2076,Singapore,SGD,6.45,1.3278,2023-07-01
2077,Slovakia,EUR,4.3,0.90699,2023-07-01
2078,Slovenia,EUR,3.6,0.90699,2023-07-01
2079,Sweden,SEK,60.27,10.5075,2023-07-01
2080,Thailand,THB,128.0,34.22875,2023-07-01
2081,Turkey,TRY,95.0,26.92675,2023-07-01
2082,Taiwan,TWD,75.0,31.4265,2023-07-01
2083,Ukraine,UAH,105.0,36.93145,2023-07-01
2084,Uruguay,UYU,259.0,37.765,2023-07-01
2085,United States,USD,5.58,1.0,2023-07-01
2086,Vietnam,VND,74000.0,23687.5,2023-07-01
2087,South Africa,ZAR,49.9,17.78375,2023-07-01
